scenario,run,mode,bypass,detected_by,class,latency_cycles,zeroized
1,1,MODE_C,1,L1,0,500,1
1,2,MODE_C,1,L1,0,500,1
1,3,MODE_C,1,L1,0,500,1
1,4,MODE_C,1,L1,0,500,1
1,5,MODE_C,1,L1,0,500,1
1,6,MODE_C,1,L1,0,500,1
1,7,MODE_C,1,L1,0,500,1
1,8,MODE_C,1,L1,0,500,1
1,9,MODE_C,1,L1,0,500,1
1,10,MODE_C,1,L1,0,500,1
1,1,MODE_C,0,L1,0,500,1
1,2,MODE_C,0,L1,0,500,1
1,3,MODE_C,0,L1,0,500,1
1,4,MODE_C,0,L1,0,500,1
1,5,MODE_C,0,L1,0,500,1
1,6,MODE_C,0,L1,0,500,1
1,7,MODE_C,0,L1,0,500,1
1,8,MODE_C,0,L1,0,500,1
1,9,MODE_C,0,L1,0,500,1
1,10,MODE_C,0,L1,0,500,1
