timestamp,tick,T_code,T_celsius,V_code,V_volt,F_code,M_code,flags
0.0,0,2570,43.06,1365,0.9998,15000,0,0x1
0.0005,1,2570,43.06,1365,0.9998,15000,0,0x1
0.0011,2,2570,43.06,1365,0.9998,15000,0,0x1
0.0016,3,2570,43.06,1365,0.9998,15000,0,0x1
0.0021,4,2570,43.06,1365,0.9998,15000,0,0x1
0.0027,5,2570,43.06,1365,0.9998,15000,0,0x1
0.0032,6,2570,43.06,1365,0.9998,15000,0,0x1
0.0037,7,2570,43.06,1365,0.9998,15000,0,0x1
0.0042,8,2570,43.06,1365,0.9998,15000,0,0x1
0.0048,9,2570,43.06,1365,0.9998,15000,0,0x1
0.0053,10,2570,43.06,1365,0.9998,15000,0,0x1
0.0058,11,2570,43.06,1365,0.9998,15000,0,0x1
0.0064,12,2570,43.06,1365,0.9998,15000,0,0x1
0.0069,13,2570,43.06,1365,0.9998,15000,0,0x1
0.0074,14,2570,43.06,1365,0.9998,15000,0,0x1
0.008,15,2570,43.06,1365,0.9998,15000,0,0x1
0.0085,16,2570,43.06,1365,0.9998,15000,0,0x1
0.009,17,2570,43.06,1365,0.9998,15000,0,0x1
0.0095,18,2570,43.06,1365,0.9998,15001,0,0x1
0.0101,19,2570,43.06,1365,0.9998,15001,0,0x1
0.0106,20,2570,43.06,1365,0.9998,15000,0,0x1
0.0111,21,2570,43.06,1365,0.9998,15000,0,0x1
0.0117,22,2570,43.06,1365,0.9998,15000,0,0x1
0.0122,23,2570,43.06,1365,0.9998,15001,0,0x1
0.0127,24,2570,43.06,1365,0.9998,15000,0,0x1
0.0132,25,2570,43.06,1365,0.9998,15000,0,0x1
0.0138,26,2570,43.06,1365,0.9998,15000,0,0x1
0.0143,27,2570,43.06,1365,0.9998,15000,0,0x1
0.0148,28,2570,43.06,1365,0.9998,15000,0,0x1
0.0154,29,2570,43.06,1365,0.9998,15000,0,0x1
0.0159,30,2570,43.06,1365,0.9998,15000,0,0x1
0.0164,31,2570,43.06,1365,0.9998,15000,0,0x1
0.017,32,2570,43.06,1365,0.9998,15001,0,0x1
0.0175,33,2570,43.06,1365,0.9998,15001,0,0x1
0.018,34,2570,43.06,1365,0.9998,15001,0,0x1
0.0186,35,2570,43.06,1365,0.9998,15001,0,0x1
0.0191,36,2570,43.06,1365,0.9998,15001,0,0x1
0.0196,37,2570,43.06,1365,0.9998,15001,0,0x1
0.0201,38,2570,43.06,1365,0.9998,15001,0,0x1
0.0207,39,2570,43.06,1365,0.9998,15001,0,0x1
0.0212,40,2570,43.06,1365,0.9998,15001,0,0x1
0.0217,41,2570,43.06,1365,0.9998,15001,0,0x1
0.0223,42,2570,43.06,1365,0.9998,15001,0,0x1
0.0228,43,2570,43.06,1365,0.9998,15001,0,0x1
0.0233,44,2570,43.06,1365,0.9998,15001,0,0x1
0.0238,45,2570,43.06,1365,0.9998,15002,0,0x1
0.0244,46,2570,43.06,1365,0.9998,15001,0,0x1
0.0249,47,2570,43.06,1365,0.9998,15002,0,0x1
0.0254,48,2570,43.06,1365,0.9998,15001,0,0x1
0.026,49,2570,43.06,1365,0.9998,15002,0,0x1
0.0265,50,2570,43.06,1365,0.9998,15001,0,0x1
0.027,51,2570,43.06,1365,0.9998,15001,0,0x1
0.0276,52,2570,43.06,1365,0.9998,15001,0,0x1
0.0281,53,2570,43.06,1365,0.9998,15002,0,0x1
0.0286,54,2570,43.06,1365,0.9998,15002,0,0x1
0.0291,55,2570,43.06,1365,0.9998,15002,0,0x1
0.0297,56,2570,43.06,1365,0.9998,15002,0,0x1
0.0302,57,2570,43.06,1365,0.9998,15002,0,0x1
0.0307,58,2570,43.06,1365,0.9998,15002,0,0x1
0.0313,59,2570,43.06,1365,0.9998,15003,0,0x1
0.0318,60,2570,43.06,1365,0.9998,15003,0,0x1
0.0323,61,2570,43.06,1365,0.9998,15003,0,0x1
0.0329,62,2570,43.06,1365,0.9998,15003,0,0x1
0.0334,63,2570,43.06,1365,0.9998,15003,0,0x1
0.0339,64,2570,43.06,1365,0.9998,15002,0,0x1
0.0345,65,2570,43.06,1365,0.9998,15002,0,0x1
0.035,66,2570,43.06,1365,0.9998,15003,0,0x1
0.0355,67,2570,43.06,1365,0.9998,15003,0,0x1
0.036,68,2570,43.06,1365,0.9998,15003,0,0x1
0.0366,69,2570,43.06,1365,0.9998,15003,0,0x1
0.0371,70,2570,43.06,1365,0.9998,15003,0,0x1
0.0376,71,2570,43.06,1365,0.9998,15003,0,0x1
0.0382,72,2570,43.06,1365,0.9998,15003,0,0x1
0.0387,73,2570,43.06,1365,0.9998,15003,0,0x1
0.0392,74,2570,43.06,1365,0.9998,15003,0,0x1
0.0398,75,2570,43.06,1365,0.9998,15003,0,0x1
0.0403,76,2570,43.06,1365,0.9998,15003,0,0x1
0.0408,77,2570,43.06,1365,0.9998,15003,0,0x1
0.0413,78,2570,43.06,1365,0.9998,15003,0,0x1
0.0419,79,2570,43.06,1365,0.9998,15003,0,0x1
0.0424,80,2570,43.06,1365,0.9998,15003,0,0x1
0.0429,81,2570,43.06,1365,0.9998,15003,0,0x1
0.0435,82,2570,43.06,1365,0.9998,15003,0,0x1
0.044,83,2570,43.06,1365,0.9998,15003,0,0x1
0.0445,84,2570,43.06,1365,0.9998,15004,0,0x1
0.045,85,2570,43.06,1365,0.9998,15004,0,0x1
0.0456,86,2570,43.06,1365,0.9998,15004,0,0x1
0.0461,87,2570,43.06,1365,0.9998,15004,0,0x1
0.0466,88,2570,43.06,1365,0.9998,15004,0,0x1
0.0472,89,2570,43.06,1365,0.9998,15004,0,0x1
0.0477,90,2570,43.06,1365,0.9998,15003,0,0x1
0.0482,91,2570,43.06,1365,0.9998,15004,0,0x1
0.0488,92,2570,43.06,1365,0.9998,15003,0,0x1
0.0493,93,2570,43.06,1365,0.9998,15003,0,0x1
0.0498,94,2570,43.06,1365,0.9998,15003,0,0x1
0.0503,95,2570,43.06,1365,0.9998,15003,0,0x1
0.0509,96,2570,43.06,1365,0.9998,15003,0,0x1
0.0514,97,2570,43.06,1365,0.9998,15003,0,0x1
0.0519,98,2570,43.06,1365,0.9998,15003,0,0x1
0.0525,99,2570,43.06,1365,0.9998,15003,0,0x1
0.053,100,2570,43.06,1365,0.9998,15003,0,0x1
0.0535,101,2570,43.06,1365,0.9998,15003,0,0x1
0.0541,102,2570,43.06,1365,0.9998,15004,0,0x1
0.0546,103,2570,43.06,1365,0.9998,15003,0,0x1
0.0551,104,2570,43.06,1365,0.9998,15004,0,0x1
0.0556,105,2570,43.06,1365,0.9998,15004,0,0x1
0.0562,106,2570,43.06,1365,0.9998,15004,0,0x1
0.0567,107,2570,43.06,1365,0.9998,15004,0,0x1
0.0572,108,2570,43.06,1365,0.9998,15003,0,0x1
0.0578,109,2570,43.06,1366,1.0005,15003,0,0x1
0.0583,110,2570,43.06,1365,0.9998,15003,0,0x1
0.0588,111,2570,43.06,1366,1.0005,15003,0,0x1
0.0594,112,2570,43.06,1366,1.0005,15003,0,0x1
0.0599,113,2570,43.06,1366,1.0005,15003,0,0x1
0.0604,114,2570,43.06,1366,1.0005,15002,0,0x1
0.0609,115,2570,43.06,1366,1.0005,15002,0,0x1
0.0615,116,2570,43.06,1366,1.0005,15003,0,0x1
0.062,117,2570,43.06,1366,1.0005,15002,0,0x1
0.0625,118,2570,43.06,1366,1.0005,15003,0,0x1
0.0631,119,2570,43.06,1366,1.0005,15003,0,0x1
0.0636,120,2570,43.06,1366,1.0005,15003,0,0x1
0.0641,121,2570,43.06,1366,1.0005,15003,0,0x1
0.0647,122,2570,43.06,1366,1.0005,15003,0,0x1
0.0652,123,2570,43.06,1366,1.0005,15003,0,0x1
0.0657,124,2570,43.06,1366,1.0005,15003,0,0x1
0.0663,125,2570,43.06,1366,1.0005,15003,0,0x1
0.0668,126,2570,43.06,1366,1.0005,15003,0,0x1
0.0673,127,2570,43.06,1366,1.0005,15003,0,0x1
0.0678,128,2570,43.06,1366,1.0005,15003,0,0x1
0.0684,129,2570,43.06,1366,1.0005,15003,0,0x1
0.0689,130,2570,43.06,1366,1.0005,15003,0,0x1
0.0694,131,2570,43.06,1366,1.0005,15003,0,0x1
0.07,132,2570,43.06,1366,1.0005,15003,0,0x1
0.0705,133,2570,43.06,1366,1.0005,15003,0,0x1
0.071,134,2570,43.06,1366,1.0005,15003,0,0x1
0.0716,135,2570,43.06,1366,1.0005,15003,0,0x1
0.0721,136,2570,43.06,1366,1.0005,15003,0,0x1
0.0726,137,2570,43.06,1366,1.0005,15003,0,0x1
0.0731,138,2570,43.06,1366,1.0005,15003,0,0x1
0.0737,139,2570,43.06,1366,1.0005,15003,0,0x1
0.0742,140,2570,43.06,1366,1.0005,15003,0,0x1
0.0747,141,2570,43.06,1366,1.0005,15003,0,0x1
0.0753,142,2570,43.06,1366,1.0005,15003,0,0x1
0.0758,143,2570,43.06,1366,1.0005,15003,0,0x1
0.0763,144,2570,43.06,1366,1.0005,15003,0,0x1
0.0769,145,2570,43.06,1366,1.0005,15004,0,0x1
0.0774,146,2570,43.06,1366,1.0005,15003,0,0x1
0.0779,147,2570,43.06,1366,1.0005,15003,0,0x1
0.0784,148,2570,43.06,1366,1.0005,15003,0,0x1
0.079,149,2570,43.06,1366,1.0005,15003,0,0x1
0.0795,150,2570,43.06,1366,1.0005,15003,0,0x1
0.08,151,2570,43.06,1366,1.0005,15003,0,0x1
0.0806,152,2570,43.06,1366,1.0005,15003,0,0x1
0.0811,153,2570,43.06,1366,1.0005,15003,0,0x1
0.0816,154,2570,43.06,1366,1.0005,15003,0,0x1
0.0822,155,2570,43.06,1366,1.0005,15003,0,0x1
0.0827,156,2570,43.06,1366,1.0005,15003,0,0x1
0.0832,157,2570,43.06,1366,1.0005,15003,0,0x1
0.0837,158,2570,43.06,1366,1.0005,15003,0,0x1
0.0843,159,2570,43.06,1366,1.0005,15002,0,0x1
0.0848,160,2570,43.06,1366,1.0005,15002,0,0x1
0.0853,161,2570,43.06,1366,1.0005,15002,0,0x1
0.0859,162,2570,43.06,1366,1.0005,15002,0,0x1
0.0864,163,2570,43.06,1366,1.0005,15002,0,0x1
0.0869,164,2570,43.06,1366,1.0005,15002,0,0x1
0.0874,165,2570,43.06,1366,1.0005,15002,0,0x1
0.088,166,2570,43.06,1366,1.0005,15002,0,0x1
0.0885,167,2570,43.06,1366,1.0005,15002,0,0x1
0.089,168,2570,43.06,1366,1.0005,15002,0,0x1
0.0896,169,2570,43.06,1366,1.0005,15002,0,0x1
0.0901,170,2570,43.06,1366,1.0005,15002,0,0x1
0.0906,171,2570,43.06,1366,1.0005,15002,0,0x1
0.0912,172,2570,43.06,1366,1.0005,15002,0,0x1
0.0917,173,2570,43.06,1366,1.0005,15002,0,0x1
0.0922,174,2570,43.06,1366,1.0005,15002,0,0x1
0.0927,175,2570,43.06,1366,1.0005,15002,0,0x1
0.0933,176,2570,43.06,1366,1.0005,15002,0,0x1
0.0938,177,2570,43.06,1366,1.0005,15002,0,0x1
0.0943,178,2570,43.06,1366,1.0005,15002,0,0x1
0.0949,179,2570,43.06,1366,1.0005,15002,0,0x1
0.0954,180,2570,43.06,1366,1.0005,15002,0,0x1
0.0959,181,2570,43.06,1366,1.0005,15002,0,0x1
0.0965,182,2570,43.06,1366,1.0005,15002,0,0x1
0.097,183,2570,43.06,1366,1.0005,15002,0,0x1
0.0975,184,2570,43.06,1366,1.0005,15002,0,0x1
0.098,185,2570,43.06,1366,1.0005,15002,0,0x1
0.0986,186,2570,43.06,1366,1.0005,15002,0,0x1
0.0991,187,2570,43.06,1366,1.0005,15002,0,0x1
0.0996,188,2570,43.06,1366,1.0005,15003,0,0x1
0.1002,189,2570,43.06,1366,1.0005,15002,0,0x1
0.1007,190,2570,43.06,1366,1.0005,15002,0,0x1
0.1012,191,2570,43.06,1366,1.0005,15003,0,0x1
0.1018,192,2570,43.06,1366,1.0005,15002,0,0x1
0.1023,193,2570,43.06,1366,1.0005,15003,0,0x1
0.1028,194,2570,43.06,1366,1.0005,15003,0,0x1
0.1033,195,2570,43.06,1365,0.9998,15003,0,0x1
0.1039,196,2570,43.06,1365,0.9998,15003,0,0x1
0.1044,197,2570,43.06,1365,0.9998,15003,0,0x1
0.1049,198,2570,43.06,1366,1.0005,15003,0,0x1
0.1055,199,2570,43.06,1366,1.0005,15003,0,0x1
0.106,200,2570,43.06,1366,1.0005,15003,0,0x1
0.1065,201,2570,43.06,1366,1.0005,15003,0,0x1
0.1071,202,2570,43.06,1366,1.0005,15003,0,0x1
0.1076,203,2570,43.06,1366,1.0005,15003,0,0x1
0.1081,204,2570,43.06,1366,1.0005,15002,0,0x1
0.1086,205,2570,43.06,1366,1.0005,15002,0,0x1
0.1092,206,2570,43.06,1366,1.0005,15002,0,0x1
0.1097,207,2570,43.06,1366,1.0005,15002,0,0x1
0.1102,208,2570,43.06,1366,1.0005,15002,0,0x1
0.1108,209,2570,43.06,1366,1.0005,15002,0,0x1
0.1113,210,2570,43.06,1366,1.0005,15002,0,0x1
0.1118,211,2570,43.06,1366,1.0005,15003,0,0x1
0.1124,212,2570,43.06,1366,1.0005,15002,0,0x1
0.1129,213,2570,43.06,1366,1.0005,15002,0,0x1
0.1134,214,2570,43.06,1366,1.0005,15003,0,0x1
0.1139,215,2570,43.06,1366,1.0005,15002,0,0x1
0.1145,216,2570,43.06,1366,1.0005,15002,0,0x1
0.115,217,2570,43.06,1366,1.0005,15002,0,0x1
0.1155,218,2570,43.06,1366,1.0005,15003,0,0x1
0.1161,219,2570,43.06,1366,1.0005,15003,0,0x1
0.1166,220,2570,43.06,1366,1.0005,15003,0,0x1
0.1171,221,2570,43.06,1366,1.0005,15002,0,0x1
0.1177,222,2570,43.06,1366,1.0005,15002,0,0x1
0.1182,223,2570,43.06,1366,1.0005,15002,0,0x1
0.1187,224,2570,43.06,1366,1.0005,15002,0,0x1
0.1192,225,2570,43.06,1366,1.0005,15002,0,0x1
0.1198,226,2570,43.06,1366,1.0005,15002,0,0x1
0.1203,227,2570,43.06,1366,1.0005,15002,0,0x1
0.1208,228,2570,43.06,1366,1.0005,15002,0,0x1
0.1214,229,2570,43.06,1366,1.0005,15002,0,0x1
0.1219,230,2570,43.06,1366,1.0005,15002,0,0x1
0.1224,231,2570,43.06,1366,1.0005,15001,0,0x1
0.123,232,2570,43.06,1365,0.9998,15001,0,0x1
0.1235,233,2570,43.06,1365,0.9998,15001,0,0x1
0.124,234,2570,43.06,1365,0.9998,15001,0,0x1
0.1245,235,2570,43.06,1365,0.9998,15001,0,0x1
0.1251,236,2570,43.06,1365,0.9998,15001,0,0x1
0.1256,237,2570,43.06,1365,0.9998,15000,0,0x1
0.1261,238,2570,43.06,1365,0.9998,15001,0,0x1
0.1267,239,2570,43.06,1365,0.9998,15001,0,0x1
0.1272,240,2570,43.06,1366,1.0005,15001,0,0x1
0.1277,241,2570,43.06,1366,1.0005,15001,0,0x1
0.1283,242,2570,43.06,1366,1.0005,15001,0,0x1
0.1288,243,2570,43.06,1366,1.0005,15001,0,0x1
0.1293,244,2570,43.06,1366,1.0005,15001,0,0x1
0.1298,245,2570,43.06,1366,1.0005,15001,0,0x1
0.1304,246,2570,43.06,1366,1.0005,15001,0,0x1
0.1309,247,2570,43.06,1366,1.0005,15001,0,0x1
0.1314,248,2570,43.06,1366,1.0005,15001,0,0x1
0.132,249,2570,43.06,1366,1.0005,15001,0,0x1
0.1325,250,2570,43.06,1366,1.0005,15001,0,0x1
0.133,251,2570,43.06,1366,1.0005,15001,0,0x1
0.1336,252,2570,43.06,1366,1.0005,15001,0,0x1
0.1341,253,2570,43.06,1366,1.0005,15001,0,0x1
0.1346,254,2570,43.06,1366,1.0005,15000,0,0x1
0.1351,255,2570,43.06,1366,1.0005,15000,0,0x1
0.1357,256,2570,43.06,1366,1.0005,15000,0,0x1
0.1362,257,2570,43.06,1366,1.0005,15000,0,0x1
0.1367,258,2570,43.06,1366,1.0005,15001,0,0x1
0.1373,259,2570,43.06,1366,1.0005,15001,0,0x1
0.1378,260,2570,43.06,1366,1.0005,15001,0,0x1
0.1383,261,2570,43.06,1366,1.0005,15001,0,0x1
0.1389,262,2570,43.06,1366,1.0005,15001,0,0x1
0.1394,263,2570,43.06,1366,1.0005,15001,0,0x1
0.1399,264,2570,43.06,1366,1.0005,15001,0,0x1
0.1404,265,2570,43.06,1366,1.0005,15001,0,0x1
0.141,266,2570,43.06,1366,1.0005,15001,0,0x1
0.1415,267,2570,43.06,1365,0.9998,15001,0,0x1
0.142,268,2570,43.06,1365,0.9998,15000,0,0x1
0.1426,269,2570,43.06,1365,0.9998,15000,0,0x1
0.1431,270,2570,43.06,1365,0.9998,15001,0,0x1
0.1436,271,2570,43.06,1365,0.9998,15000,0,0x1
0.1442,272,2570,43.06,1365,0.9998,15000,0,0x1
0.1447,273,2570,43.06,1365,0.9998,15000,0,0x1
0.1452,274,2570,43.06,1365,0.9998,15000,0,0x1
0.1457,275,2570,43.06,1365,0.9998,15001,0,0x1
0.1463,276,2570,43.06,1365,0.9998,15001,0,0x1
0.1468,277,2570,43.06,1365,0.9998,15001,0,0x1
0.1473,278,2570,43.06,1365,0.9998,15001,0,0x1
0.1479,279,2570,43.06,1365,0.9998,15001,0,0x1
0.1484,280,2570,43.06,1365,0.9998,15000,0,0x1
0.1489,281,2570,43.06,1365,0.9998,15000,0,0x1
0.1495,282,2570,43.06,1365,0.9998,15000,0,0x1
0.15,283,2570,43.06,1365,0.9998,15000,0,0x1
0.1505,284,2570,43.06,1365,0.9998,15001,0,0x1
0.151,285,2570,43.06,1365,0.9998,15000,0,0x1
0.1516,286,2570,43.06,1365,0.9998,15001,0,0x1
0.1521,287,2570,43.06,1365,0.9998,15000,0,0x1
0.1526,288,2570,43.06,1365,0.9998,15000,0,0x1
0.1532,289,2570,43.06,1365,0.9998,15000,0,0x1
0.1537,290,2570,43.06,1365,0.9998,15000,0,0x1
0.1542,291,2570,43.06,1365,0.9998,15000,0,0x1
0.1548,292,2570,43.06,1365,0.9998,15000,0,0x1
0.1553,293,2570,43.06,1365,0.9998,15000,0,0x1
0.1558,294,2570,43.06,1365,0.9998,15001,0,0x1
0.1563,295,2570,43.06,1365,0.9998,15001,0,0x1
0.1569,296,2570,43.06,1366,1.0005,15001,0,0x1
0.1574,297,2570,43.06,1366,1.0005,15001,0,0x1
0.1579,298,2570,43.06,1366,1.0005,15001,0,0x1
0.1585,299,2570,43.06,1366,1.0005,15001,0,0x1
0.159,300,2570,43.06,1366,1.0005,15001,0,0x1
0.1595,301,2570,43.06,1366,1.0005,15001,0,0x1
0.1601,302,2570,43.06,1365,0.9998,15002,0,0x1
0.1606,303,2570,43.06,1365,0.9998,15002,0,0x1
0.1611,304,2570,43.06,1365,0.9998,15002,0,0x1
0.1616,305,2570,43.06,1365,0.9998,15001,0,0x1
0.1622,306,2570,43.06,1365,0.9998,15001,0,0x1
0.1627,307,2570,43.06,1365,0.9998,15001,0,0x1
0.1632,308,2570,43.06,1365,0.9998,15001,0,0x1
0.1638,309,2570,43.06,1365,0.9998,15000,0,0x1
0.1643,310,2570,43.06,1365,0.9998,15001,0,0x1
0.1648,311,2570,43.06,1365,0.9998,15000,0,0x1
0.1654,312,2570,43.06,1365,0.9998,15000,0,0x1
0.1659,313,2570,43.06,1365,0.9998,15000,0,0x1
0.1664,314,2570,43.06,1365,0.9998,15000,0,0x1
0.1669,315,2570,43.06,1365,0.9998,15000,0,0x1
0.1675,316,2570,43.06,1365,0.9998,15000,0,0x1
0.168,317,2570,43.06,1365,0.9998,15000,0,0x1
0.1685,318,2570,43.06,1365,0.9998,15000,0,0x1
0.1691,319,2570,43.06,1365,0.9998,15000,0,0x1
0.1696,320,2570,43.06,1365,0.9998,15001,0,0x1
0.1701,321,2570,43.06,1365,0.9998,15001,0,0x1
0.1707,322,2570,43.06,1365,0.9998,15000,0,0x1
0.1712,323,2570,43.06,1365,0.9998,15000,0,0x1
0.1717,324,2570,43.06,1365,0.9998,15000,0,0x1
0.1722,325,2570,43.06,1365,0.9998,15001,0,0x1
0.1728,326,2570,43.06,1365,0.9998,15001,0,0x1
0.1733,327,2570,43.06,1365,0.9998,15001,0,0x1
0.1738,328,2570,43.06,1365,0.9998,15001,0,0x1
0.1744,329,2570,43.06,1365,0.9998,15001,0,0x1
0.1749,330,2570,43.06,1365,0.9998,15001,0,0x1
0.1754,331,2570,43.06,1365,0.9998,15001,0,0x1
0.176,332,2570,43.06,1365,0.9998,15001,0,0x1
0.1765,333,2570,43.06,1365,0.9998,15002,0,0x1
0.177,334,2570,43.06,1365,0.9998,15001,0,0x1
0.1775,335,2570,43.06,1365,0.9998,15002,0,0x1
0.1781,336,2570,43.06,1365,0.9998,15001,0,0x1
0.1786,337,2570,43.06,1365,0.9998,15001,0,0x1
0.1791,338,2570,43.06,1365,0.9998,15002,0,0x1
0.1797,339,2570,43.06,1365,0.9998,15002,0,0x1
0.1802,340,2570,43.06,1365,0.9998,15002,0,0x1
0.1807,341,2570,43.06,1365,0.9998,15002,0,0x1
0.1813,342,2570,43.06,1365,0.9998,15002,0,0x1
0.1818,343,2570,43.06,1365,0.9998,15002,0,0x1
0.1823,344,2570,43.06,1365,0.9998,15003,0,0x1
0.1828,345,2570,43.06,1365,0.9998,15003,0,0x1
0.1834,346,2570,43.06,1365,0.9998,15003,0,0x1
0.1839,347,2570,43.06,1365,0.9998,15003,0,0x1
0.1844,348,2570,43.06,1365,0.9998,15003,0,0x1
0.185,349,2570,43.06,1365,0.9998,15003,0,0x1
0.1855,350,2570,43.06,1365,0.9998,15003,0,0x1
0.186,351,2570,43.06,1365,0.9998,15003,0,0x1
0.1866,352,2570,43.06,1365,0.9998,15002,0,0x1
0.1871,353,2570,43.06,1365,0.9998,15002,0,0x1
0.1876,354,2570,43.06,1365,0.9998,15003,0,0x1
0.1881,355,2570,43.06,1365,0.9998,15002,0,0x1
0.1887,356,2570,43.06,1365,0.9998,15002,0,0x1
0.1892,357,2570,43.06,1365,0.9998,15002,0,0x1
0.1897,358,2570,43.06,1365,0.9998,15002,0,0x1
0.1903,359,2570,43.06,1365,0.9998,15002,0,0x1
0.1908,360,2570,43.06,1365,0.9998,15002,0,0x1
0.1913,361,2570,43.06,1365,0.9998,15002,0,0x1
0.1919,362,2570,43.06,1365,0.9998,15002,0,0x1
0.1924,363,2570,43.06,1365,0.9998,15002,0,0x1
0.1929,364,2570,43.06,1365,0.9998,15002,0,0x1
0.1934,365,2570,43.06,1365,0.9998,15002,0,0x1
0.194,366,2570,43.06,1365,0.9998,15002,0,0x1
0.1945,367,2570,43.06,1365,0.9998,15002,0,0x1
0.195,368,2570,43.06,1365,0.9998,15002,0,0x1
0.1956,369,2570,43.06,1365,0.9998,15002,0,0x1
0.1961,370,2570,43.06,1365,0.9998,15001,0,0x1
0.1966,371,2570,43.06,1365,0.9998,15002,0,0x1
0.1972,372,2570,43.06,1365,0.9998,15001,0,0x1
0.1977,373,2570,43.06,1365,0.9998,15001,0,0x1
0.1982,374,2570,43.06,1365,0.9998,15001,0,0x1
0.1987,375,2570,43.06,1365,0.9998,15001,0,0x1
0.1993,376,2570,43.06,1365,0.9998,15001,0,0x1
0.1998,377,2570,43.06,1365,0.9998,15001,0,0x1
0.2003,378,2570,43.06,1365,0.9998,15001,0,0x1
0.2009,379,2570,43.06,1365,0.9998,15001,0,0x1
0.2014,380,2570,43.06,1365,0.9998,15000,0,0x1
0.2019,381,2570,43.06,1365,0.9998,15001,0,0x1
0.2025,382,2570,43.06,1365,0.9998,15001,0,0x1
0.203,383,2570,43.06,1365,0.9998,15001,0,0x1
0.2035,384,2570,43.06,1365,0.9998,15001,0,0x1
0.204,385,2570,43.06,1365,0.9998,15001,0,0x1
0.2046,386,2570,43.06,1365,0.9998,15001,0,0x1
0.2051,387,2570,43.06,1365,0.9998,15001,0,0x1
0.2056,388,2570,43.06,1365,0.9998,15000,0,0x1
0.2062,389,2570,43.06,1365,0.9998,15000,0,0x1
0.2067,390,2570,43.06,1365,0.9998,15000,0,0x1
0.2072,391,2570,43.06,1365,0.9998,15000,0,0x1
0.2078,392,2570,43.06,1365,0.9998,15000,0,0x1
0.2083,393,2570,43.06,1365,0.9998,15000,0,0x1
0.2088,394,2570,43.06,1365,0.9998,15000,0,0x1
0.2093,395,2570,43.06,1365,0.9998,15000,0,0x1
0.2099,396,2570,43.06,1365,0.9998,15000,0,0x1
0.2104,397,2570,43.06,1365,0.9998,15000,0,0x1
0.2109,398,2570,43.06,1365,0.9998,15000,0,0x1
0.2115,399,2570,43.06,1365,0.9998,14999,0,0x1
0.212,400,2570,43.06,1365,0.9998,14999,0,0x1
0.2125,401,2570,43.06,1365,0.9998,14999,0,0x1
0.2131,402,2570,43.06,1365,0.9998,15000,0,0x1
0.2136,403,2570,43.06,1365,0.9998,15000,0,0x1
0.2141,404,2570,43.06,1365,0.9998,15000,0,0x1
0.2146,405,2570,43.06,1365,0.9998,14999,0,0x1
0.2152,406,2570,43.06,1365,0.9998,14999,0,0x1
0.2157,407,2570,43.06,1365,0.9998,14999,0,0x1
0.2162,408,2570,43.06,1365,0.9998,14999,0,0x1
0.2168,409,2570,43.06,1365,0.9998,14999,0,0x1
0.2173,410,2570,43.06,1365,0.9998,14999,0,0x1
0.2178,411,2570,43.06,1365,0.9998,14999,0,0x1
0.2184,412,2570,43.06,1365,0.9998,14999,0,0x1
0.2189,413,2570,43.06,1365,0.9998,14999,0,0x1
0.2194,414,2570,43.06,1365,0.9998,14999,0,0x1
0.2199,415,2570,43.06,1365,0.9998,14999,0,0x1
0.2205,416,2570,43.06,1365,0.9998,14999,0,0x1
0.221,417,2570,43.06,1365,0.9998,14999,0,0x1
0.2215,418,2570,43.06,1365,0.9998,14999,0,0x1
0.2221,419,2570,43.06,1365,0.9998,14999,0,0x1
0.2226,420,2570,43.06,1365,0.9998,15000,0,0x1
0.2231,421,2570,43.06,1365,0.9998,15000,0,0x1
0.2237,422,2570,43.06,1365,0.9998,15000,0,0x1
0.2242,423,2570,43.06,1365,0.9998,15000,0,0x1
0.2247,424,2570,43.06,1365,0.9998,15000,0,0x1
0.2252,425,2570,43.06,1365,0.9998,15000,0,0x1
0.2258,426,2570,43.06,1365,0.9998,15000,0,0x1
0.2263,427,2570,43.06,1365,0.9998,15000,0,0x1
0.2268,428,2570,43.06,1365,0.9998,15001,0,0x1
0.2274,429,2570,43.06,1365,0.9998,15001,0,0x1
0.2279,430,2570,43.06,1365,0.9998,15001,0,0x1
0.2284,431,2570,43.06,1365,0.9998,15001,0,0x1
0.229,432,2570,43.06,1365,0.9998,15001,0,0x1
0.2295,433,2570,43.06,1365,0.9998,15001,0,0x1
0.23,434,2570,43.06,1365,0.9998,15001,0,0x1
0.2306,435,2570,43.06,1365,0.9998,15000,0,0x1
0.2311,436,2570,43.06,1365,0.9998,15001,0,0x1
0.2316,437,2570,43.06,1365,0.9998,15000,0,0x1
0.2321,438,2570,43.06,1365,0.9998,15001,0,0x1
0.2327,439,2570,43.06,1365,0.9998,15001,0,0x1
0.2332,440,2570,43.06,1365,0.9998,15001,0,0x1
0.2337,441,2570,43.06,1365,0.9998,15001,0,0x1
0.2343,442,2570,43.06,1365,0.9998,15001,0,0x1
0.2348,443,2570,43.06,1365,0.9998,15001,0,0x1
0.2353,444,2570,43.06,1365,0.9998,15001,0,0x1
0.2359,445,2570,43.06,1365,0.9998,15001,0,0x1
0.2364,446,2570,43.06,1365,0.9998,15001,0,0x1
0.2369,447,2570,43.06,1365,0.9998,15001,0,0x1
0.2374,448,2570,43.06,1365,0.9998,15001,0,0x1
0.238,449,2570,43.06,1365,0.9998,15001,0,0x1
0.2385,450,2570,43.06,1365,0.9998,15002,0,0x1
0.239,451,2570,43.06,1365,0.9998,15002,0,0x1
0.2396,452,2570,43.06,1365,0.9998,15002,0,0x1
0.2401,453,2570,43.06,1365,0.9998,15002,0,0x1
0.2406,454,2570,43.06,1365,0.9998,15002,0,0x1
0.2412,455,2570,43.06,1365,0.9998,15002,0,0x1
0.2417,456,2570,43.06,1365,0.9998,15002,0,0x1
0.2422,457,2570,43.06,1365,0.9998,15002,0,0x1
0.2427,458,2570,43.06,1365,0.9998,15002,0,0x1
0.2433,459,2570,43.06,1365,0.9998,15002,0,0x1
0.2438,460,2570,43.06,1365,0.9998,15002,0,0x1
0.2443,461,2570,43.06,1365,0.9998,15002,0,0x1
0.2449,462,2570,43.06,1365,0.9998,15002,0,0x1
0.2454,463,2570,43.06,1365,0.9998,15002,0,0x1
0.2459,464,2570,43.06,1365,0.9998,15002,0,0x1
0.2465,465,2570,43.06,1365,0.9998,15002,0,0x1
0.247,466,2570,43.06,1365,0.9998,15002,0,0x1
0.2475,467,2570,43.06,1365,0.9998,15002,0,0x1
0.248,468,2570,43.06,1365,0.9998,15003,0,0x1
0.2486,469,2570,43.06,1365,0.9998,15003,0,0x1
0.2491,470,2570,43.06,1365,0.9998,15002,0,0x1
0.2496,471,2570,43.06,1365,0.9998,15002,0,0x1
0.2502,472,2570,43.06,1365,0.9998,15003,0,0x1
0.2507,473,2570,43.06,1365,0.9998,15003,0,0x1
0.2512,474,2570,43.06,1365,0.9998,15002,0,0x1
0.2517,475,2570,43.06,1365,0.9998,15002,0,0x1
0.2523,476,2570,43.06,1365,0.9998,15002,0,0x1
0.2528,477,2570,43.06,1365,0.9998,15002,0,0x1
0.2533,478,2570,43.06,1365,0.9998,15002,0,0x1
0.2539,479,2570,43.06,1365,0.9998,15002,0,0x1
0.2544,480,2570,43.06,1365,0.9998,15001,0,0x1
0.2549,481,2570,43.06,1365,0.9998,15001,0,0x1
0.2555,482,2570,43.06,1365,0.9998,15001,0,0x1
0.256,483,2570,43.06,1365,0.9998,15001,0,0x1
0.2565,484,2570,43.06,1365,0.9998,15000,0,0x1
0.2571,485,2570,43.06,1365,0.9998,15000,0,0x1
0.2576,486,2570,43.06,1365,0.9998,15000,0,0x1
0.2581,487,2570,43.06,1365,0.9998,15000,0,0x1
0.2586,488,2570,43.06,1365,0.9998,15000,0,0x1
0.2592,489,2570,43.06,1365,0.9998,15000,0,0x1
0.2597,490,2570,43.06,1365,0.9998,15000,0,0x1
0.2602,491,2570,43.06,1365,0.9998,15000,0,0x1
0.2608,492,2570,43.06,1365,0.9998,14999,0,0x1
0.2613,493,2570,43.06,1365,0.9998,14999,0,0x1
0.2618,494,2570,43.06,1365,0.9998,14999,0,0x1
0.2623,495,2570,43.06,1365,0.9998,14999,0,0x1
0.2629,496,2570,43.06,1365,0.9998,14999,0,0x1
0.2634,497,2570,43.06,1365,0.9998,14999,0,0x1
0.2639,498,2570,43.06,1365,0.9998,15000,0,0x1
0.2645,499,2570,43.06,1365,0.9998,15000,0,0x1
0.265,500,2570,43.06,1365,0.9998,15000,0,0x1
0.2655,501,2570,43.06,1365,0.9998,15000,0,0x1
0.2661,502,2570,43.06,1365,0.9998,15000,0,0x1
0.2666,503,2570,43.06,1365,0.9998,15000,0,0x1
0.2671,504,2570,43.06,1364,0.999,15000,0,0x1
0.2676,505,2570,43.06,1364,0.999,14999,0,0x1
0.2682,506,2570,43.06,1364,0.999,14999,0,0x1
0.2687,507,2570,43.06,1364,0.999,14999,0,0x1
0.2692,508,2570,43.06,1364,0.999,14999,0,0x1
0.2698,509,2570,43.06,1364,0.999,14999,0,0x1
0.2703,510,2570,43.06,1364,0.999,14999,0,0x1
0.2708,511,2570,43.06,1364,0.999,14999,0,0x1
0.2714,512,2570,43.06,1364,0.999,14999,0,0x1
0.2719,513,2570,43.06,1364,0.999,14999,0,0x1
0.2724,514,2570,43.06,1364,0.999,14999,0,0x1
0.2729,515,2570,43.06,1365,0.9998,14999,0,0x1
0.2735,516,2570,43.06,1364,0.999,14999,0,0x1
0.274,517,2570,43.06,1365,0.9998,14999,0,0x1
0.2745,518,2570,43.06,1365,0.9998,14999,0,0x1
0.2751,519,2570,43.06,1365,0.9998,14999,0,0x1
0.2756,520,2570,43.06,1364,0.999,14999,0,0x1
0.2761,521,2570,43.06,1365,0.9998,14999,0,0x1
0.2767,522,2570,43.06,1365,0.9998,14999,0,0x1
0.2772,523,2570,43.06,1365,0.9998,14999,0,0x1
0.2777,524,2570,43.06,1365,0.9998,14999,0,0x1
0.2782,525,2570,43.06,1365,0.9998,14999,0,0x1
0.2788,526,2570,43.06,1365,0.9998,14998,0,0x1
0.2793,527,2570,43.06,1365,0.9998,14998,0,0x1
0.2798,528,2570,43.06,1365,0.9998,14998,0,0x1
0.2804,529,2570,43.06,1365,0.9998,14999,0,0x1
0.2809,530,2570,43.06,1365,0.9998,14999,0,0x1
0.2814,531,2570,43.06,1365,0.9998,14999,0,0x1
0.282,532,2570,43.06,1365,0.9998,14999,0,0x1
0.2825,533,2570,43.06,1365,0.9998,14999,0,0x1
0.283,534,2570,43.06,1365,0.9998,14998,0,0x1
0.2835,535,2570,43.06,1365,0.9998,14998,0,0x1
0.2841,536,2570,43.06,1365,0.9998,14998,0,0x1
0.2846,537,2570,43.06,1365,0.9998,14998,0,0x1
0.2851,538,2570,43.06,1365,0.9998,14997,0,0x1
0.2857,539,2570,43.06,1365,0.9998,14998,0,0x1
0.2862,540,2570,43.06,1365,0.9998,14998,0,0x1
0.2867,541,2570,43.06,1365,0.9998,14998,0,0x1
0.2873,542,2570,43.06,1365,0.9998,14998,0,0x1
0.2878,543,2570,43.06,1365,0.9998,14998,0,0x1
0.2883,544,2570,43.06,1364,0.999,14998,0,0x1
0.2888,545,2570,43.06,1364,0.999,14998,0,0x1
0.2894,546,2570,43.06,1364,0.999,14998,0,0x1
0.2899,547,2570,43.06,1365,0.9998,14999,0,0x1
0.2904,548,2570,43.06,1365,0.9998,14999,0,0x1
0.291,549,2570,43.06,1365,0.9998,14999,0,0x1
0.2915,550,2570,43.06,1365,0.9998,14999,0,0x1
0.292,551,2570,43.06,1365,0.9998,14999,0,0x1
0.2926,552,2570,43.06,1365,0.9998,14999,0,0x1
0.2931,553,2570,43.06,1365,0.9998,14999,0,0x1
0.2936,554,2570,43.06,1365,0.9998,14998,0,0x1
0.2941,555,2570,43.06,1365,0.9998,14998,0,0x1
0.2947,556,2570,43.06,1365,0.9998,14998,0,0x1
0.2952,557,2570,43.06,1365,0.9998,14998,0,0x1
0.2957,558,2570,43.06,1365,0.9998,14997,0,0x1
0.2963,559,2570,43.06,1365,0.9998,14997,0,0x1
0.2968,560,2570,43.06,1365,0.9998,14997,0,0x1
0.2973,561,2570,43.06,1365,0.9998,14997,0,0x1
0.2979,562,2570,43.06,1365,0.9998,14997,0,0x1
0.2984,563,2570,43.06,1365,0.9998,14997,0,0x1
0.2989,564,2570,43.06,1365,0.9998,14997,0,0x1
0.2994,565,2570,43.06,1365,0.9998,14997,0,0x1
0.3,566,2570,43.06,1365,0.9998,14997,0,0x1
0.3005,567,2570,43.06,1365,0.9998,14997,0,0x1
0.301,568,2570,43.06,1365,0.9998,14997,0,0x1
0.3016,569,2570,43.06,1365,0.9998,14998,0,0x1
0.3021,570,2570,43.06,1365,0.9998,14997,0,0x1
0.3026,571,2570,43.06,1365,0.9998,14998,0,0x1
0.3032,572,2570,43.06,1365,0.9998,14998,0,0x1
0.3037,573,2570,43.06,1365,0.9998,14998,0,0x1
0.3042,574,2570,43.06,1365,0.9998,14998,0,0x1
0.3047,575,2570,43.06,1365,0.9998,14998,0,0x1
0.3053,576,2570,43.06,1365,0.9998,14997,0,0x1
0.3058,577,2570,43.06,1365,0.9998,14997,0,0x1
0.3063,578,2570,43.06,1365,0.9998,14997,0,0x1
0.3069,579,2570,43.06,1365,0.9998,14998,0,0x1
0.3074,580,2570,43.06,1365,0.9998,14997,0,0x1
0.3079,581,2570,43.06,1365,0.9998,14997,0,0x1
0.3085,582,2570,43.06,1365,0.9998,14997,0,0x1
0.309,583,2570,43.06,1365,0.9998,14997,0,0x1
0.3095,584,2570,43.06,1365,0.9998,14998,0,0x1
0.31,585,2570,43.06,1365,0.9998,14998,0,0x1
0.3106,586,2570,43.06,1365,0.9998,14998,0,0x1
0.3111,587,2570,43.06,1365,0.9998,14997,0,0x1
0.3116,588,2570,43.06,1365,0.9998,14998,0,0x1
0.3122,589,2570,43.06,1365,0.9998,14998,0,0x1
0.3127,590,2570,43.06,1365,0.9998,14998,0,0x1
0.3132,591,2570,43.06,1365,0.9998,14997,0,0x1
0.3138,592,2570,43.06,1365,0.9998,14997,0,0x1
0.3143,593,2570,43.06,1365,0.9998,14997,0,0x1
0.3148,594,2570,43.06,1365,0.9998,14997,0,0x1
0.3153,595,2570,43.06,1365,0.9998,14997,0,0x1
0.3159,596,2570,43.06,1365,0.9998,14997,0,0x1
0.3164,597,2570,43.06,1365,0.9998,14997,0,0x1
0.3169,598,2570,43.06,1365,0.9998,14997,0,0x1
0.3175,599,2570,43.06,1365,0.9998,14997,0,0x1
0.318,600,2570,43.06,1365,0.9998,14997,0,0x1
0.3185,601,2570,43.06,1365,0.9998,14997,0,0x1
0.3191,602,2570,43.06,1365,0.9998,14997,0,0x1
0.3196,603,2570,43.06,1365,0.9998,14997,0,0x1
0.3201,604,2570,43.06,1365,0.9998,14997,0,0x1
0.3206,605,2570,43.06,1365,0.9998,14997,0,0x1
0.3212,606,2570,43.06,1365,0.9998,14997,0,0x1
0.3217,607,2570,43.06,1365,0.9998,14997,0,0x1
0.3222,608,2570,43.06,1365,0.9998,14997,0,0x1
0.3228,609,2570,43.06,1365,0.9998,14996,0,0x1
0.3233,610,2570,43.06,1365,0.9998,14997,0,0x1
0.3238,611,2570,43.06,1365,0.9998,14997,0,0x1
0.3244,612,2570,43.06,1365,0.9998,14997,0,0x1
0.3249,613,2570,43.06,1365,0.9998,14998,0,0x1
0.3254,614,2570,43.06,1365,0.9998,14998,0,0x1
0.3259,615,2570,43.06,1365,0.9998,14998,0,0x1
0.3265,616,2570,43.06,1365,0.9998,14998,0,0x1
0.327,617,2570,43.06,1365,0.9998,14998,0,0x1
0.3275,618,2570,43.06,1365,0.9998,14998,0,0x1
0.3281,619,2570,43.06,1365,0.9998,14998,0,0x1
0.3286,620,2570,43.06,1365,0.9998,14998,0,0x1
0.3291,621,2570,43.06,1365,0.9998,14998,0,0x1
0.3297,622,2570,43.06,1365,0.9998,14998,0,0x1
0.3302,623,2570,43.06,1365,0.9998,14998,0,0x1
0.3307,624,2570,43.06,1365,0.9998,14998,0,0x1
0.3312,625,2570,43.06,1365,0.9998,14998,0,0x1
0.3318,626,2570,43.06,1365,0.9998,14998,0,0x1
0.3323,627,2570,43.06,1365,0.9998,14998,0,0x1
0.3328,628,2570,43.06,1365,0.9998,14998,0,0x1
0.3334,629,2570,43.06,1365,0.9998,14998,0,0x1
0.3339,630,2570,43.06,1365,0.9998,14998,0,0x1
0.3344,631,2570,43.06,1365,0.9998,14998,0,0x1
0.335,632,2570,43.06,1365,0.9998,14998,0,0x1
0.3355,633,2570,43.06,1365,0.9998,14998,0,0x1
0.336,634,2570,43.06,1365,0.9998,14998,0,0x1
0.3365,635,2570,43.06,1365,0.9998,14998,0,0x1
0.3371,636,2570,43.06,1365,0.9998,14998,0,0x1
0.3376,637,2570,43.06,1365,0.9998,14998,0,0x1
0.3381,638,2570,43.06,1365,0.9998,14998,0,0x1
0.3387,639,2570,43.06,1365,0.9998,14998,0,0x1
0.3392,640,2570,43.06,1365,0.9998,14998,0,0x1
0.3397,641,2570,43.06,1365,0.9998,14998,0,0x1
0.3403,642,2570,43.06,1365,0.9998,14998,0,0x1
0.3408,643,2570,43.06,1365,0.9998,14997,0,0x1
0.3413,644,2570,43.06,1365,0.9998,14998,0,0x1
0.3418,645,2570,43.06,1365,0.9998,14998,0,0x1
0.3424,646,2570,43.06,1365,0.9998,14998,0,0x1
0.3429,647,2570,43.06,1365,0.9998,14997,0,0x1
0.3434,648,2570,43.06,1365,0.9998,14997,0,0x1
0.344,649,2570,43.06,1365,0.9998,14997,0,0x1
0.3445,650,2570,43.06,1365,0.9998,14997,0,0x1
0.345,651,2570,43.06,1365,0.9998,14997,0,0x1
0.3456,652,2570,43.06,1365,0.9998,14996,0,0x1
0.3461,653,2570,43.06,1365,0.9998,14996,0,0x1
0.3466,654,2570,43.06,1365,0.9998,14996,0,0x1
0.3472,655,2570,43.06,1365,0.9998,14996,0,0x1
0.3477,656,2570,43.06,1365,0.9998,14996,0,0x1
0.3482,657,2570,43.06,1365,0.9998,14996,0,0x1
0.3487,658,2570,43.06,1365,0.9998,14996,0,0x1
0.3493,659,2570,43.06,1365,0.9998,14996,0,0x1
0.3498,660,2570,43.06,1365,0.9998,14996,0,0x1
0.3503,661,2570,43.06,1365,0.9998,14996,0,0x1
0.3509,662,2570,43.06,1365,0.9998,14996,0,0x1
0.3514,663,2570,43.06,1365,0.9998,14996,0,0x1
0.3519,664,2570,43.06,1365,0.9998,14996,0,0x1
0.3524,665,2570,43.06,1365,0.9998,14996,0,0x1
0.353,666,2570,43.06,1365,0.9998,14996,0,0x1
0.3535,667,2570,43.06,1365,0.9998,14996,0,0x1
0.354,668,2570,43.06,1365,0.9998,14996,0,0x1
0.3546,669,2570,43.06,1365,0.9998,14996,0,0x1
0.3551,670,2570,43.06,1365,0.9998,14997,0,0x1
0.3556,671,2570,43.06,1365,0.9998,14996,0,0x1
0.3562,672,2570,43.06,1365,0.9998,14996,0,0x1
0.3567,673,2570,43.06,1365,0.9998,14996,0,0x1
0.3572,674,2570,43.06,1365,0.9998,14996,0,0x1
0.3578,675,2570,43.06,1365,0.9998,14996,0,0x1
0.3583,676,2570,43.06,1365,0.9998,14996,0,0x1
0.3588,677,2570,43.06,1365,0.9998,14996,0,0x1
0.3593,678,2570,43.06,1365,0.9998,14996,0,0x1
0.3599,679,2570,43.06,1365,0.9998,14996,0,0x1
0.3604,680,2570,43.06,1365,0.9998,14996,0,0x1
0.3609,681,2570,43.06,1365,0.9998,14996,0,0x1
0.3615,682,2570,43.06,1365,0.9998,14996,0,0x1
0.362,683,2570,43.06,1365,0.9998,14996,0,0x1
0.3625,684,2570,43.06,1365,0.9998,14996,0,0x1
0.363,685,2570,43.06,1365,0.9998,14996,0,0x1
0.3636,686,2570,43.06,1365,0.9998,14996,0,0x1
0.3641,687,2570,43.06,1365,0.9998,14996,0,0x1
0.3646,688,2570,43.06,1365,0.9998,14996,0,0x1
0.3652,689,2570,43.06,1365,0.9998,14996,0,0x1
0.3657,690,2570,43.06,1365,0.9998,14996,0,0x1
0.3662,691,2570,43.06,1365,0.9998,14997,0,0x1
0.3668,692,2570,43.06,1365,0.9998,14996,0,0x1
0.3673,693,2570,43.06,1365,0.9998,14996,0,0x1
0.3678,694,2570,43.06,1365,0.9998,14996,0,0x1
0.3684,695,2570,43.06,1365,0.9998,14996,0,0x1
0.3689,696,2570,43.06,1365,0.9998,14996,0,0x1
0.3694,697,2570,43.06,1365,0.9998,14996,0,0x1
0.3699,698,2570,43.06,1365,0.9998,14996,0,0x1
0.3705,699,2570,43.06,1365,0.9998,14996,0,0x1
0.371,700,2570,43.06,1365,0.9998,14996,0,0x1
0.3715,701,2570,43.06,1365,0.9998,14996,0,0x1
0.3721,702,2570,43.06,1365,0.9998,14996,0,0x1
0.3726,703,2570,43.06,1365,0.9998,14996,0,0x1
0.3731,704,2570,43.06,1365,0.9998,14996,0,0x1
0.3736,705,2570,43.06,1365,0.9998,14996,0,0x1
0.3742,706,2570,43.06,1365,0.9998,14996,0,0x1
0.3747,707,2570,43.06,1365,0.9998,14996,0,0x1
0.3752,708,2570,43.06,1365,0.9998,14996,0,0x1
0.3758,709,2570,43.06,1365,0.9998,14996,0,0x1
0.3763,710,2570,43.06,1365,0.9998,14996,0,0x1
0.3768,711,2570,43.06,1365,0.9998,14996,0,0x1
0.3774,712,2570,43.06,1365,0.9998,14996,0,0x1
0.3779,713,2570,43.06,1365,0.9998,14996,0,0x1
0.3784,714,2570,43.06,1365,0.9998,14996,0,0x1
0.379,715,2570,43.06,1365,0.9998,14996,0,0x1
0.3795,716,2570,43.06,1365,0.9998,14996,0,0x1
0.38,717,2570,43.06,1365,0.9998,14996,0,0x1
0.3805,718,2570,43.06,1365,0.9998,14995,0,0x1
0.3811,719,2570,43.06,1365,0.9998,14995,0,0x1
0.3816,720,2570,43.06,1365,0.9998,14995,0,0x1
0.3821,721,2570,43.06,1365,0.9998,14995,0,0x1
0.3827,722,2570,43.06,1365,0.9998,14995,0,0x1
0.3832,723,2570,43.06,1365,0.9998,14995,0,0x1
0.3837,724,2570,43.06,1365,0.9998,14995,0,0x1
0.3842,725,2570,43.06,1365,0.9998,14995,0,0x1
0.3848,726,2570,43.06,1365,0.9998,14995,0,0x1
0.3853,727,2570,43.06,1365,0.9998,14995,0,0x1
0.3858,728,2570,43.06,1365,0.9998,14995,0,0x1
0.3864,729,2570,43.06,1365,0.9998,14996,0,0x1
0.3869,730,2570,43.06,1365,0.9998,14996,0,0x1
0.3874,731,2570,43.06,1365,0.9998,14996,0,0x1
0.388,732,2570,43.06,1365,0.9998,14996,0,0x1
0.3885,733,2570,43.06,1365,0.9998,14996,0,0x1
0.389,734,2570,43.06,1365,0.9998,14996,0,0x1
0.3896,735,2570,43.06,1365,0.9998,14996,0,0x1
0.3901,736,2570,43.06,1365,0.9998,14996,0,0x1
0.3906,737,2570,43.06,1365,0.9998,14996,0,0x1
0.3911,738,2570,43.06,1365,0.9998,14995,0,0x1
0.3917,739,2570,43.06,1365,0.9998,14995,0,0x1
0.3922,740,2570,43.06,1365,0.9998,14995,0,0x1
0.3927,741,2570,43.06,1365,0.9998,14995,0,0x1
0.3933,742,2570,43.06,1365,0.9998,14995,0,0x1
0.3938,743,2570,43.06,1366,1.0005,14995,0,0x1
0.3943,744,2570,43.06,1366,1.0005,14995,0,0x1
0.3948,745,2570,43.06,1366,1.0005,14995,0,0x1
0.3954,746,2570,43.06,1366,1.0005,14996,0,0x1
0.3959,747,2570,43.06,1366,1.0005,14996,0,0x1
0.3964,748,2570,43.06,1366,1.0005,14996,0,0x1
0.397,749,2570,43.06,1366,1.0005,14996,0,0x1
0.3975,750,2570,43.06,1366,1.0005,14996,0,0x1
0.398,751,2570,43.06,1366,1.0005,14996,0,0x1
0.3986,752,2570,43.06,1366,1.0005,14996,0,0x1
0.3991,753,2570,43.06,1366,1.0005,14996,0,0x1
0.3996,754,2570,43.06,1366,1.0005,14996,0,0x1
0.4002,755,2570,43.06,1366,1.0005,14996,0,0x1
0.4007,756,2570,43.06,1366,1.0005,14996,0,0x1
0.4012,757,2570,43.06,1366,1.0005,14996,0,0x1
0.4017,758,2570,43.06,1366,1.0005,14996,0,0x1
0.4023,759,2570,43.06,1366,1.0005,14996,0,0x1
0.4028,760,2570,43.06,1366,1.0005,14996,0,0x1
0.4033,761,2570,43.06,1366,1.0005,14996,0,0x1
0.4039,762,2570,43.06,1366,1.0005,14996,0,0x1
0.4044,763,2570,43.06,1366,1.0005,14996,0,0x1
0.4049,764,2570,43.06,1366,1.0005,14996,0,0x1
0.4054,765,2570,43.06,1366,1.0005,14995,0,0x1
0.406,766,2570,43.06,1366,1.0005,14995,0,0x1
0.4065,767,2570,43.06,1366,1.0005,14995,0,0x1
0.407,768,2570,43.06,1366,1.0005,14995,0,0x1
0.4076,769,2570,43.06,1366,1.0005,14995,0,0x1
0.4081,770,2570,43.06,1366,1.0005,14995,0,0x1
0.4086,771,2570,43.06,1365,0.9998,14995,0,0x1
0.4092,772,2570,43.06,1365,0.9998,14996,0,0x1
0.4097,773,2570,43.06,1365,0.9998,14995,0,0x1
0.4102,774,2570,43.06,1365,0.9998,14996,0,0x1
0.4108,775,2570,43.06,1365,0.9998,14996,0,0x1
0.4113,776,2570,43.06,1365,0.9998,14996,0,0x1
0.4118,777,2570,43.06,1365,0.9998,14996,0,0x1
0.4123,778,2570,43.06,1365,0.9998,14996,0,0x1
0.4129,779,2570,43.06,1365,0.9998,14996,0,0x1
0.4134,780,2570,43.06,1365,0.9998,14996,0,0x1
0.4139,781,2570,43.06,1365,0.9998,14996,0,0x1
0.4145,782,2570,43.06,1365,0.9998,14996,0,0x1
0.415,783,2570,43.06,1365,0.9998,14996,0,0x1
0.4155,784,2570,43.06,1365,0.9998,14996,0,0x1
0.416,785,2570,43.06,1365,0.9998,14996,0,0x1
0.4166,786,2570,43.06,1365,0.9998,14996,0,0x1
0.4171,787,2570,43.06,1365,0.9998,14996,0,0x1
0.4176,788,2570,43.06,1365,0.9998,14996,0,0x1
0.4182,789,2570,43.06,1365,0.9998,14996,0,0x1
0.4187,790,2570,43.06,1365,0.9998,14996,0,0x1
0.4192,791,2570,43.06,1365,0.9998,14996,0,0x1
0.4198,792,2570,43.06,1365,0.9998,14996,0,0x1
0.4203,793,2570,43.06,1365,0.9998,14996,0,0x1
0.4208,794,2570,43.06,1365,0.9998,14996,0,0x1
0.4214,795,2570,43.06,1365,0.9998,14996,0,0x1
0.4219,796,2570,43.06,1365,0.9998,14996,0,0x1
0.4224,797,2570,43.06,1365,0.9998,14996,0,0x1
0.4229,798,2570,43.06,1365,0.9998,14996,0,0x1
0.4235,799,2570,43.06,1365,0.9998,14995,0,0x1
0.424,800,2570,43.06,1365,0.9998,14995,0,0x1
0.4245,801,2570,43.06,1365,0.9998,14995,0,0x1
0.4251,802,2570,43.06,1365,0.9998,14995,0,0x1
0.4256,803,2570,43.06,1365,0.9998,14995,0,0x1
0.4261,804,2570,43.06,1365,0.9998,14995,0,0x1
0.4266,805,2570,43.06,1365,0.9998,14995,0,0x1
0.4272,806,2570,43.06,1365,0.9998,14995,0,0x1
0.4277,807,2570,43.06,1365,0.9998,14995,0,0x1
0.4282,808,2570,43.06,1365,0.9998,14995,0,0x1
0.4288,809,2570,43.06,1365,0.9998,14995,0,0x1
0.4293,810,2570,43.06,1365,0.9998,14995,0,0x1
0.4298,811,2570,43.06,1365,0.9998,14995,0,0x1
0.4304,812,2570,43.06,1365,0.9998,14995,0,0x1
0.4309,813,2570,43.06,1365,0.9998,14995,0,0x1
0.4314,814,2570,43.06,1365,0.9998,14995,0,0x1
0.432,815,2570,43.06,1365,0.9998,14995,0,0x1
0.4325,816,2570,43.06,1365,0.9998,14995,0,0x1
0.433,817,2570,43.06,1365,0.9998,14995,0,0x1
0.4335,818,2570,43.06,1365,0.9998,14995,0,0x1
0.4341,819,2570,43.06,1365,0.9998,14995,0,0x1
0.4346,820,2570,43.06,1365,0.9998,14995,0,0x1
0.4351,821,2570,43.06,1365,0.9998,14994,0,0x1
0.4357,822,2570,43.06,1365,0.9998,14994,0,0x1
0.4362,823,2570,43.06,1365,0.9998,14994,0,0x1
0.4367,824,2570,43.06,1365,0.9998,14994,0,0x1
0.4372,825,2570,43.06,1365,0.9998,14994,0,0x1
0.4378,826,2570,43.06,1365,0.9998,14994,0,0x1
0.4383,827,2570,43.06,1365,0.9998,14995,0,0x1
0.4388,828,2570,43.06,1365,0.9998,14995,0,0x1
0.4394,829,2570,43.06,1365,0.9998,14995,0,0x1
0.4399,830,2570,43.06,1365,0.9998,14996,0,0x1
0.4404,831,2570,43.06,1365,0.9998,14995,0,0x1
0.441,832,2570,43.06,1365,0.9998,14995,0,0x1
0.4415,833,2570,43.06,1365,0.9998,14995,0,0x1
0.442,834,2570,43.06,1365,0.9998,14995,0,0x1
0.4425,835,2570,43.06,1365,0.9998,14995,0,0x1
0.4431,836,2570,43.06,1365,0.9998,14995,0,0x1
0.4436,837,2570,43.06,1365,0.9998,14995,0,0x1
0.4441,838,2570,43.06,1365,0.9998,14995,0,0x1
0.4447,839,2570,43.06,1365,0.9998,14995,0,0x1
0.4452,840,2570,43.06,1365,0.9998,14995,0,0x1
0.4457,841,2570,43.06,1365,0.9998,14995,0,0x1
0.4463,842,2570,43.06,1365,0.9998,14995,0,0x1
0.4468,843,2570,43.06,1365,0.9998,14995,0,0x1
0.4473,844,2570,43.06,1365,0.9998,14995,0,0x1
0.4478,845,2570,43.06,1365,0.9998,14995,0,0x1
0.4484,846,2570,43.06,1365,0.9998,14995,0,0x1
0.4489,847,2570,43.06,1365,0.9998,14995,0,0x1
0.4494,848,2570,43.06,1365,0.9998,14995,0,0x1
0.45,849,2570,43.06,1365,0.9998,14995,0,0x1
0.4505,850,2570,43.06,1365,0.9998,14995,0,0x1
0.451,851,2570,43.06,1365,0.9998,14995,0,0x1
0.4516,852,2570,43.06,1365,0.9998,14995,0,0x1
0.4521,853,2570,43.06,1365,0.9998,14995,0,0x1
0.4526,854,2570,43.06,1365,0.9998,14995,0,0x1
0.4531,855,2570,43.06,1365,0.9998,14996,0,0x1
0.4537,856,2570,43.06,1365,0.9998,14996,0,0x1
0.4542,857,2570,43.06,1365,0.9998,14996,0,0x1
0.4547,858,2570,43.06,1365,0.9998,14996,0,0x1
0.4553,859,2570,43.06,1365,0.9998,14996,0,0x1
0.4558,860,2570,43.06,1365,0.9998,14996,0,0x1
0.4563,861,2570,43.06,1365,0.9998,14996,0,0x1
0.4569,862,2570,43.06,1365,0.9998,14996,0,0x1
0.4574,863,2570,43.06,1365,0.9998,14996,0,0x1
0.4579,864,2570,43.06,1365,0.9998,14996,0,0x1
0.4584,865,2570,43.06,1365,0.9998,14996,0,0x1
0.459,866,2570,43.06,1365,0.9998,14995,0,0x1
0.4595,867,2570,43.06,1365,0.9998,14995,0,0x1
0.46,868,2570,43.06,1365,0.9998,14995,0,0x1
0.4606,869,2570,43.06,1365,0.9998,14995,0,0x1
0.4611,870,2570,43.06,1365,0.9998,14995,0,0x1
0.4616,871,2570,43.06,1365,0.9998,14995,0,0x1
0.4622,872,2570,43.06,1365,0.9998,14995,0,0x1
0.4627,873,2570,43.06,1365,0.9998,14995,0,0x1
0.4632,874,2570,43.06,1365,0.9998,14995,0,0x1
0.4637,875,2570,43.06,1365,0.9998,14995,0,0x1
0.4643,876,2570,43.06,1365,0.9998,14995,0,0x1
0.4648,877,2570,43.06,1365,0.9998,14995,0,0x1
0.4653,878,2570,43.06,1365,0.9998,14995,0,0x1
0.4659,879,2570,43.06,1365,0.9998,14995,0,0x1
0.4664,880,2570,43.06,1365,0.9998,14995,0,0x1
0.4669,881,2570,43.06,1365,0.9998,14995,0,0x1
0.4675,882,2570,43.06,1365,0.9998,14996,0,0x1
0.468,883,2570,43.06,1365,0.9998,14995,0,0x1
0.4685,884,2570,43.06,1365,0.9998,14996,0,0x1
0.469,885,2570,43.06,1365,0.9998,14995,0,0x1
0.4696,886,2570,43.06,1365,0.9998,14995,0,0x1
0.4701,887,2570,43.06,1365,0.9998,14995,0,0x1
0.4706,888,2570,43.06,1365,0.9998,14995,0,0x1
0.4712,889,2570,43.06,1365,0.9998,14995,0,0x1
0.4717,890,2570,43.06,1365,0.9998,14995,0,0x1
0.4722,891,2570,43.06,1365,0.9998,14995,0,0x1
0.4728,892,2570,43.06,1365,0.9998,14995,0,0x1
0.4733,893,2570,43.06,1365,0.9998,14995,0,0x1
0.4738,894,2570,43.06,1365,0.9998,14995,0,0x1
0.4743,895,2570,43.06,1365,0.9998,14995,0,0x1
0.4749,896,2570,43.06,1365,0.9998,14995,0,0x1
0.4754,897,2570,43.06,1365,0.9998,14995,0,0x1
0.4759,898,2570,43.06,1365,0.9998,14995,0,0x1
0.4765,899,2570,43.06,1365,0.9998,14995,0,0x1
0.477,900,2570,43.06,1365,0.9998,14995,0,0x1
0.4775,901,2570,43.06,1365,0.9998,14995,0,0x1
0.4781,902,2570,43.06,1365,0.9998,14994,0,0x1
0.4786,903,2570,43.06,1365,0.9998,14995,0,0x1
0.4791,904,2570,43.06,1365,0.9998,14995,0,0x1
0.4796,905,2570,43.06,1365,0.9998,14995,0,0x1
0.4802,906,2570,43.06,1365,0.9998,14995,0,0x1
0.4807,907,2570,43.06,1365,0.9998,14995,0,0x1
0.4812,908,2570,43.06,1365,0.9998,14995,0,0x1
0.4818,909,2570,43.06,1365,0.9998,14995,0,0x1
0.4823,910,2570,43.06,1365,0.9998,14996,0,0x1
0.4828,911,2570,43.06,1365,0.9998,14996,0,0x1
0.4834,912,2570,43.06,1365,0.9998,14995,0,0x1
0.4839,913,2570,43.06,1365,0.9998,14996,0,0x1
0.4844,914,2570,43.06,1365,0.9998,14996,0,0x1
0.4849,915,2570,43.06,1365,0.9998,14996,0,0x1
0.4855,916,2570,43.06,1365,0.9998,14996,0,0x1
0.486,917,2570,43.06,1365,0.9998,14995,0,0x1
0.4865,918,2570,43.06,1365,0.9998,14995,0,0x1
0.4871,919,2570,43.06,1365,0.9998,14995,0,0x1
0.4876,920,2570,43.06,1365,0.9998,14995,0,0x1
0.4881,921,2570,43.06,1365,0.9998,14995,0,0x1
0.4887,922,2570,43.06,1365,0.9998,14995,0,0x1
0.4892,923,2570,43.06,1365,0.9998,14995,0,0x1
0.4897,924,2570,43.06,1365,0.9998,14995,0,0x1
0.4902,925,2570,43.06,1365,0.9998,14995,0,0x1
0.4908,926,2570,43.06,1365,0.9998,14995,0,0x1
0.4913,927,2570,43.06,1365,0.9998,14995,0,0x1
0.4918,928,2570,43.06,1365,0.9998,14995,0,0x1
0.4924,929,2570,43.06,1365,0.9998,14995,0,0x1
0.4929,930,2570,43.06,1365,0.9998,14995,0,0x1
0.4934,931,2570,43.06,1365,0.9998,14995,0,0x1
0.494,932,2570,43.06,1365,0.9998,14995,0,0x1
0.4945,933,2570,43.06,1365,0.9998,14996,0,0x1
0.495,934,2570,43.06,1365,0.9998,14995,0,0x1
0.4955,935,2570,43.06,1365,0.9998,14995,0,0x1
0.4961,936,2570,43.06,1365,0.9998,14996,0,0x1
0.4966,937,2570,43.06,1365,0.9998,14996,0,0x1
0.4971,938,2570,43.06,1365,0.9998,14996,0,0x1
0.4977,939,2570,43.06,1365,0.9998,14996,0,0x1
0.4982,940,2570,43.06,1365,0.9998,14996,0,0x1
0.4987,941,2570,43.06,1365,0.9998,14996,0,0x1
0.4993,942,2570,43.06,1365,0.9998,14996,0,0x1
0.4998,943,2570,43.06,1365,0.9998,14996,0,0x1
0.5003,944,2570,43.06,1365,0.9998,14996,0,0x1
0.5009,945,2570,43.06,1365,0.9998,14996,0,0x1
0.5014,946,2570,43.06,1365,0.9998,14996,0,0x1
0.5019,947,2570,43.06,1365,0.9998,14996,0,0x1
0.5024,948,2570,43.06,1365,0.9998,14996,0,0x1
0.503,949,2570,43.06,1365,0.9998,14996,0,0x1
0.5035,950,2570,43.06,1365,0.9998,14996,0,0x1
0.504,951,2570,43.06,1365,0.9998,14996,0,0x1
0.5046,952,2570,43.06,1365,0.9998,14996,0,0x1
0.5051,953,2570,43.06,1365,0.9998,14996,0,0x1
0.5056,954,2570,43.06,1365,0.9998,14996,0,0x1
0.5061,955,2570,43.06,1365,0.9998,14997,0,0x1
0.5067,956,2570,43.06,1365,0.9998,14997,0,0x1
0.5072,957,2570,43.06,1365,0.9998,14997,0,0x1
0.5077,958,2570,43.06,1365,0.9998,14996,0,0x1
0.5083,959,2570,43.06,1365,0.9998,14996,0,0x1
0.5088,960,2570,43.06,1365,0.9998,14996,0,0x1
0.5093,961,2570,43.06,1365,0.9998,14996,0,0x1
0.5099,962,2570,43.06,1365,0.9998,14997,0,0x1
0.5104,963,2570,43.06,1365,0.9998,14996,0,0x1
0.5109,964,2570,43.06,1365,0.9998,14997,0,0x1
0.5114,965,2570,43.06,1365,0.9998,14997,0,0x1
0.512,966,2570,43.06,1365,0.9998,14997,0,0x1
0.5125,967,2570,43.06,1365,0.9998,14997,0,0x1
0.513,968,2570,43.06,1365,0.9998,14997,0,0x1
0.5136,969,2570,43.06,1365,0.9998,14997,0,0x1
0.5141,970,2570,43.06,1365,0.9998,14996,0,0x1
0.5146,971,2570,43.06,1365,0.9998,14997,0,0x1
0.5152,972,2570,43.06,1365,0.9998,14997,0,0x1
0.5157,973,2570,43.06,1365,0.9998,14997,0,0x1
0.5162,974,2570,43.06,1365,0.9998,14997,0,0x1
0.5167,975,2570,43.06,1365,0.9998,14998,0,0x1
0.5173,976,2570,43.06,1365,0.9998,14998,0,0x1
0.5178,977,2570,43.06,1365,0.9998,14998,0,0x1
0.5183,978,2570,43.06,1365,0.9998,14998,0,0x1
0.5189,979,2570,43.06,1365,0.9998,14998,0,0x1
0.5194,980,2570,43.06,1365,0.9998,14998,0,0x1
0.5199,981,2570,43.06,1365,0.9998,14998,0,0x1
0.5205,982,2570,43.06,1365,0.9998,14998,0,0x1
0.521,983,2570,43.06,1365,0.9998,14999,0,0x1
0.5215,984,2570,43.06,1365,0.9998,14999,0,0x1
0.5221,985,2570,43.06,1365,0.9998,14999,0,0x1
0.5226,986,2570,43.06,1365,0.9998,14999,0,0x1
0.5231,987,2570,43.06,1365,0.9998,14999,0,0x1
0.5236,988,2570,43.06,1365,0.9998,14999,0,0x1
0.5242,989,2570,43.06,1365,0.9998,14999,0,0x1
0.5247,990,2570,43.06,1365,0.9998,14998,0,0x1
0.5252,991,2570,43.06,1365,0.9998,14999,0,0x1
0.5258,992,2570,43.06,1365,0.9998,14999,0,0x1
0.5263,993,2570,43.06,1365,0.9998,14999,0,0x1
0.5268,994,2570,43.06,1365,0.9998,14999,0,0x1
0.5273,995,2570,43.06,1365,0.9998,14999,0,0x1
0.5279,996,2570,43.06,1365,0.9998,14999,0,0x1
0.5284,997,2570,43.06,1365,0.9998,14998,0,0x1
0.5289,998,2570,43.06,1365,0.9998,14998,0,0x1
0.5295,999,2570,43.06,1365,0.9998,14998,0,0x1
0.53,1000,2570,43.06,1365,0.9998,14998,0,0x1
0.5305,1001,2570,43.06,1365,0.9998,14969,0,0x3
0.5311,1002,2570,43.06,1365,0.9998,14969,0,0x3
0.5316,1003,2570,43.06,1365,0.9998,14969,0,0x3
0.5321,1004,2570,43.06,1365,0.9998,14969,0,0x3
0.5326,1005,2570,43.06,1365,0.9998,14969,0,0x3
0.5332,1006,2570,43.06,1365,0.9998,14969,0,0x3
0.5337,1007,2570,43.06,1365,0.9998,14969,0,0x3
0.5342,1008,2570,43.06,1365,0.9998,14969,0,0x3
0.5348,1009,2570,43.06,1365,0.9998,14969,0,0x3
0.5353,1010,2570,43.06,1365,0.9998,14969,0,0x3
0.5358,1011,2570,43.06,1365,0.9998,14968,0,0x3
0.5364,1012,2570,43.06,1365,0.9998,14968,0,0x3
0.5369,1013,2570,43.06,1365,0.9998,14968,0,0x3
0.5374,1014,2570,43.06,1365,0.9998,14968,0,0x3
0.5379,1015,2570,43.06,1365,0.9998,14968,0,0x3
0.5385,1016,2570,43.06,1365,0.9998,14968,0,0x3
0.539,1017,2570,43.06,1366,1.0005,14968,0,0x3
0.5395,1018,2570,43.06,1366,1.0005,14968,0,0x3
0.5401,1019,2570,43.06,1366,1.0005,14968,0,0x3
0.5406,1020,2570,43.06,1366,1.0005,14969,0,0x3
0.5411,1021,2570,43.06,1366,1.0005,14968,0,0x3
0.5417,1022,2570,43.06,1366,1.0005,14969,0,0x3
0.5422,1023,2570,43.06,1366,1.0005,14969,0,0x3
0.5427,1024,2570,43.06,1366,1.0005,14968,0,0x3
0.5433,1025,2570,43.06,1365,0.9998,14968,0,0x3
0.5438,1026,2570,43.06,1365,0.9998,14969,0,0x3
0.5443,1027,2570,43.06,1365,0.9998,14968,0,0x3
0.5448,1028,2570,43.06,1365,0.9998,14968,0,0x3
0.5454,1029,2570,43.06,1365,0.9998,14968,0,0x3
0.5459,1030,2570,43.06,1365,0.9998,14968,0,0x3
0.5464,1031,2570,43.06,1365,0.9998,14969,0,0x3
0.547,1032,2570,43.06,1365,0.9998,14968,0,0x3
0.5475,1033,2570,43.06,1365,0.9998,14969,0,0x3
0.548,1034,2570,43.06,1365,0.9998,14969,0,0x3
0.5485,1035,2570,43.06,1365,0.9998,14969,0,0x3
0.5491,1036,2570,43.06,1365,0.9998,14969,0,0x3
0.5496,1037,2570,43.06,1365,0.9998,14969,0,0x3
0.5501,1038,2570,43.06,1365,0.9998,14969,0,0x3
0.5507,1039,2570,43.06,1365,0.9998,14968,0,0x3
0.5512,1040,2570,43.06,1361,0.9968,14968,0,0x3
0.5517,1041,2570,43.06,1361,0.9968,14968,0,0x3
0.5523,1042,2570,43.06,1361,0.9968,14968,0,0x3
0.5528,1043,2570,43.06,1361,0.9968,14969,0,0x3
0.5533,1044,2570,43.06,1361,0.9968,14969,0,0x3
0.5538,1045,2570,43.06,1361,0.9968,14969,0,0x3
0.5544,1046,2570,43.06,1361,0.9968,14969,0,0x3
0.5549,1047,2570,43.06,1361,0.9968,14969,0,0x3
0.5554,1048,2570,43.06,1361,0.9968,14969,0,0x3
0.556,1049,2570,43.06,1361,0.9968,14969,0,0x3
0.5565,1050,2570,43.06,1361,0.9968,14969,0,0x3
0.557,1051,2570,43.06,1361,0.9968,14969,0,0x3
0.5576,1052,2570,43.06,1361,0.9968,14969,0,0x3
0.5581,1053,2570,43.06,1361,0.9968,14969,0,0x3
0.5586,1054,2570,43.06,1361,0.9968,14969,0,0x3
0.5591,1055,2570,43.06,1361,0.9968,14969,0,0x3
0.5597,1056,2570,43.06,1361,0.9968,14969,0,0x3
0.5602,1057,2570,43.06,1361,0.9968,14969,0,0x3
0.5607,1058,2570,43.06,1361,0.9968,14969,0,0x3
0.5613,1059,2570,43.06,1361,0.9968,14969,0,0x3
0.5618,1060,2570,43.06,1361,0.9968,14969,0,0x3
0.5623,1061,2570,43.06,1361,0.9968,14970,0,0x3
0.5629,1062,2570,43.06,1361,0.9968,14969,0,0x3
0.5634,1063,2570,43.06,1361,0.9968,14970,0,0x3
0.5639,1064,2570,43.06,1361,0.9968,14970,0,0x3
0.5645,1065,2570,43.06,1361,0.9968,14970,0,0x3
0.565,1066,2570,43.06,1361,0.9968,14970,0,0x3
0.5655,1067,2570,43.06,1361,0.9968,14970,0,0x3
0.566,1068,2570,43.06,1361,0.9968,14970,0,0x3
0.5666,1069,2570,43.06,1361,0.9968,14970,0,0x3
0.5671,1070,2570,43.06,1361,0.9968,14970,0,0x3
0.5676,1071,2570,43.06,1361,0.9968,14970,0,0x3
0.5682,1072,2570,43.06,1361,0.9968,14970,0,0x3
0.5687,1073,2570,43.06,1361,0.9968,14970,0,0x3
0.5692,1074,2570,43.06,1361,0.9968,14970,0,0x3
0.5697,1075,2570,43.06,1361,0.9968,14970,0,0x3
0.5703,1076,2570,43.06,1361,0.9968,14970,0,0x3
0.5708,1077,2570,43.06,1361,0.9968,14970,0,0x3
0.5713,1078,2570,43.06,1361,0.9968,14970,0,0x3
0.5719,1079,2570,43.06,1361,0.9968,14970,0,0x3
0.5724,1080,2570,43.06,1365,0.9998,14970,0,0x3
0.5729,1081,2570,43.06,1365,0.9998,14970,0,0x3
0.5735,1082,2570,43.06,1365,0.9998,14970,0,0x3
0.574,1083,2570,43.06,1365,0.9998,14970,0,0x3
0.5745,1084,2570,43.06,1365,0.9998,14970,0,0x3
0.575,1085,2570,43.06,1365,0.9998,14970,0,0x3
0.5756,1086,2570,43.06,1365,0.9998,14970,0,0x3
0.5761,1087,2570,43.06,1365,0.9998,14970,0,0x3
0.5766,1088,2570,43.06,1365,0.9998,14969,0,0x3
0.5772,1089,2570,43.06,1365,0.9998,14969,0,0x3
0.5777,1090,2570,43.06,1365,0.9998,14969,0,0x3
0.5782,1091,2570,43.06,1365,0.9998,14969,0,0x3
0.5788,1092,2570,43.06,1365,0.9998,14969,0,0x3
0.5793,1093,2570,43.06,1365,0.9998,14969,0,0x3
0.5798,1094,2570,43.06,1365,0.9998,14969,0,0x3
0.5804,1095,2570,43.06,1365,0.9998,14969,0,0x3
0.5809,1096,2570,43.06,1365,0.9998,14969,0,0x3
0.5814,1097,2570,43.06,1365,0.9998,14969,0,0x3
0.5819,1098,2570,43.06,1365,0.9998,14969,0,0x3
0.5825,1099,2570,43.06,1365,0.9998,14969,0,0x3
0.583,1100,2570,43.06,1365,0.9998,14969,0,0x3
0.5835,1101,2570,43.06,1365,0.9998,14969,0,0x3
0.5841,1102,2570,43.06,1365,0.9998,14969,0,0x3
0.5846,1103,2570,43.06,1365,0.9998,14969,0,0x3
0.5851,1104,2570,43.06,1365,0.9998,14969,0,0x3
0.5857,1105,2570,43.06,1365,0.9998,14969,0,0x3
0.5862,1106,2570,43.06,1365,0.9998,14969,0,0x3
0.5867,1107,2570,43.06,1365,0.9998,14969,0,0x3
0.5872,1108,2570,43.06,1365,0.9998,14969,0,0x3
0.5878,1109,2570,43.06,1365,0.9998,14969,0,0x3
0.5883,1110,2570,43.06,1365,0.9998,14969,0,0x3
0.5888,1111,2570,43.06,1365,0.9998,14969,0,0x3
0.5894,1112,2570,43.06,1365,0.9998,14969,0,0x3
0.5899,1113,2570,43.06,1365,0.9998,14969,0,0x3
0.5904,1114,2570,43.06,1365,0.9998,14969,0,0x3
0.5909,1115,2570,43.06,1365,0.9998,14969,0,0x3
0.5915,1116,2570,43.06,1365,0.9998,14969,0,0x3
0.592,1117,2570,43.06,1365,0.9998,14969,0,0x3
0.5925,1118,2570,43.06,1365,0.9998,14969,0,0x3
0.5931,1119,2570,43.06,1365,0.9998,14969,0,0x3
0.5936,1120,2570,43.06,1361,0.9968,14969,0,0x3
0.5941,1121,2570,43.06,1361,0.9968,14969,0,0x3
0.5947,1122,2570,43.06,1361,0.9968,14969,0,0x3
0.5952,1123,2570,43.06,1361,0.9968,14969,0,0x3
0.5957,1124,2570,43.06,1361,0.9968,14968,0,0x3
0.5962,1125,2570,43.06,1361,0.9968,14969,0,0x3
0.5968,1126,2570,43.06,1361,0.9968,14969,0,0x3
0.5973,1127,2570,43.06,1361,0.9968,14969,0,0x3
0.5978,1128,2570,43.06,1361,0.9968,14969,0,0x3
0.5984,1129,2570,43.06,1361,0.9968,14969,0,0x3
0.5989,1130,2570,43.06,1361,0.9968,14969,0,0x3
0.5994,1131,2570,43.06,1361,0.9968,14969,0,0x3
0.6,1132,2570,43.06,1361,0.9968,14969,0,0x3
0.6005,1133,2570,43.06,1361,0.9968,14969,0,0x3
0.601,1134,2570,43.06,1361,0.9968,14969,0,0x3
0.6016,1135,2570,43.06,1361,0.9968,14969,0,0x3
0.6021,1136,2570,43.06,1361,0.9968,14969,0,0x3
0.6026,1137,2570,43.06,1361,0.9968,14969,0,0x3
0.6031,1138,2570,43.06,1361,0.9968,14969,0,0x3
0.6037,1139,2570,43.06,1361,0.9968,14969,0,0x3
0.6042,1140,2570,43.06,1361,0.9968,14969,0,0x3
0.6047,1141,2570,43.06,1361,0.9968,14970,0,0x3
0.6053,1142,2570,43.06,1361,0.9968,14970,0,0x3
0.6058,1143,2570,43.06,1361,0.9968,14970,0,0x3
0.6063,1144,2570,43.06,1361,0.9968,14970,0,0x3
0.6069,1145,2570,43.06,1361,0.9968,14970,0,0x3
0.6074,1146,2570,43.06,1361,0.9968,14970,0,0x3
0.6079,1147,2570,43.06,1361,0.9968,14970,0,0x3
0.6084,1148,2570,43.06,1361,0.9968,14970,0,0x3
0.609,1149,2570,43.06,1361,0.9968,14970,0,0x3
0.6095,1150,2570,43.06,1361,0.9968,14970,0,0x3
0.61,1151,2570,43.06,1361,0.9968,14970,0,0x3
0.6106,1152,2570,43.06,1361,0.9968,14970,0,0x3
0.6111,1153,2570,43.06,1361,0.9968,14970,0,0x3
0.6116,1154,2570,43.06,1361,0.9968,14970,0,0x3
0.6121,1155,2570,43.06,1361,0.9968,14970,0,0x3
0.6127,1156,2570,43.06,1361,0.9968,14970,0,0x3
0.6132,1157,2570,43.06,1361,0.9968,14970,0,0x3
0.6137,1158,2570,43.06,1361,0.9968,14969,0,0x3
0.6143,1159,2570,43.06,1361,0.9968,14969,0,0x3
0.6148,1160,2570,43.06,1365,0.9998,14969,0,0x3
0.6153,1161,2570,43.06,1365,0.9998,14970,0,0x3
0.6159,1162,2570,43.06,1365,0.9998,14970,0,0x3
0.6164,1163,2570,43.06,1365,0.9998,14970,0,0x3
0.6169,1164,2570,43.06,1365,0.9998,14970,0,0x3
0.6174,1165,2570,43.06,1365,0.9998,14970,0,0x3
0.618,1166,2570,43.06,1365,0.9998,14970,0,0x3
0.6185,1167,2570,43.06,1365,0.9998,14970,0,0x3
0.619,1168,2570,43.06,1365,0.9998,14970,0,0x3
0.6196,1169,2570,43.06,1365,0.9998,14970,0,0x3
0.6201,1170,2570,43.06,1365,0.9998,14970,0,0x3
0.6206,1171,2570,43.06,1365,0.9998,14970,0,0x3
0.6212,1172,2570,43.06,1365,0.9998,14970,0,0x3
0.6217,1173,2570,43.06,1365,0.9998,14970,0,0x3
0.6222,1174,2570,43.06,1365,0.9998,14970,0,0x3
0.6228,1175,2570,43.06,1365,0.9998,14970,0,0x3
0.6233,1176,2570,43.06,1365,0.9998,14969,0,0x3
0.6238,1177,2570,43.06,1365,0.9998,14970,0,0x3
0.6243,1178,2570,43.06,1365,0.9998,14970,0,0x3
0.6249,1179,2570,43.06,1365,0.9998,14970,0,0x3
0.6254,1180,2570,43.06,1365,0.9998,14970,0,0x3
0.6259,1181,2570,43.06,1365,0.9998,14970,0,0x3
0.6265,1182,2570,43.06,1365,0.9998,14970,0,0x3
0.627,1183,2570,43.06,1365,0.9998,14969,0,0x3
0.6275,1184,2570,43.06,1365,0.9998,14969,0,0x3
0.628,1185,2570,43.06,1365,0.9998,14969,0,0x3
0.6286,1186,2570,43.06,1365,0.9998,14969,0,0x3
0.6291,1187,2570,43.06,1365,0.9998,14969,0,0x3
0.6296,1188,2570,43.06,1365,0.9998,14969,0,0x3
0.6302,1189,2570,43.06,1365,0.9998,14969,0,0x3
0.6307,1190,2570,43.06,1365,0.9998,14969,0,0x3
0.6312,1191,2570,43.06,1365,0.9998,14969,0,0x3
0.6318,1192,2570,43.06,1365,0.9998,14969,0,0x3
0.6323,1193,2570,43.06,1365,0.9998,14969,0,0x3
0.6328,1194,2570,43.06,1365,0.9998,14969,0,0x3
0.6333,1195,2570,43.06,1365,0.9998,14969,0,0x3
0.6339,1196,2570,43.06,1365,0.9998,14969,0,0x3
0.6344,1197,2570,43.06,1365,0.9998,14969,0,0x3
0.6349,1198,2570,43.06,1364,0.999,14969,0,0x3
0.6355,1199,2570,43.06,1364,0.999,14968,0,0x3
0.636,1200,2570,43.06,1360,0.9961,14968,0,0x3
0.6365,1201,2570,43.06,1360,0.9961,14969,0,0x3
0.6371,1202,2570,43.06,1360,0.9961,14969,0,0x3
0.6376,1203,2570,43.06,1360,0.9961,14969,0,0x3
0.6381,1204,2570,43.06,1360,0.9961,14968,0,0x3
0.6386,1205,2570,43.06,1360,0.9961,14968,0,0x3
0.6392,1206,2570,43.06,1360,0.9961,14968,0,0x3
0.6397,1207,2570,43.06,1360,0.9961,14968,0,0x3
0.6402,1208,2570,43.06,1360,0.9961,14968,0,0x3
0.6408,1209,2570,43.06,1360,0.9961,14968,0,0x3
0.6413,1210,2570,43.06,1360,0.9961,14968,0,0x3
0.6418,1211,2570,43.06,1360,0.9961,14968,0,0x3
0.6424,1212,2570,43.06,1360,0.9961,14969,0,0x3
0.6429,1213,2570,43.06,1360,0.9961,14968,0,0x3
0.6434,1214,2570,43.06,1360,0.9961,14968,0,0x3
0.644,1215,2570,43.06,1360,0.9961,14968,0,0x3
0.6445,1216,2570,43.06,1360,0.9961,14968,0,0x3
0.645,1217,2570,43.06,1360,0.9961,14968,0,0x3
0.6455,1218,2570,43.06,1360,0.9961,14968,0,0x3
0.6461,1219,2570,43.06,1360,0.9961,14967,0,0x3
0.6466,1220,2570,43.06,1360,0.9961,14967,0,0x3
0.6471,1221,2570,43.06,1360,0.9961,14967,0,0x3
0.6477,1222,2570,43.06,1360,0.9961,14967,0,0x3
0.6482,1223,2570,43.06,1360,0.9961,14967,0,0x3
0.6487,1224,2570,43.06,1360,0.9961,14967,0,0x3
0.6492,1225,2570,43.06,1360,0.9961,14967,0,0x3
0.6498,1226,2570,43.06,1360,0.9961,14967,0,0x3
0.6503,1227,2570,43.06,1360,0.9961,14967,0,0x3
0.6508,1228,2570,43.06,1360,0.9961,14968,0,0x3
0.6514,1229,2570,43.06,1360,0.9961,14967,0,0x3
0.6519,1230,2570,43.06,1360,0.9961,14967,0,0x3
0.6524,1231,2570,43.06,1360,0.9961,14967,0,0x3
0.653,1232,2570,43.06,1360,0.9961,14967,0,0x3
0.6535,1233,2570,43.06,1360,0.9961,14967,0,0x3
0.654,1234,2570,43.06,1360,0.9961,14967,0,0x3
0.6545,1235,2570,43.06,1360,0.9961,14967,0,0x3
0.6551,1236,2570,43.06,1360,0.9961,14967,0,0x3
0.6556,1237,2570,43.06,1360,0.9961,14968,0,0x3
0.6561,1238,2570,43.06,1360,0.9961,14967,0,0x3
0.6567,1239,2570,43.06,1360,0.9961,14967,0,0x3
0.6572,1240,2570,43.06,1364,0.999,14967,0,0x3
0.6577,1241,2570,43.06,1364,0.999,14967,0,0x3
0.6583,1242,2570,43.06,1364,0.999,14967,0,0x3
0.6588,1243,2570,43.06,1364,0.999,14967,0,0x3
0.6593,1244,2570,43.06,1364,0.999,14967,0,0x3
0.6598,1245,2570,43.06,1364,0.999,14967,0,0x3
0.6604,1246,2570,43.06,1364,0.999,14967,0,0x3
0.6609,1247,2570,43.06,1364,0.999,14967,0,0x3
0.6614,1248,2570,43.06,1364,0.999,14967,0,0x3
0.662,1249,2570,43.06,1364,0.999,14967,0,0x3
0.6625,1250,2570,43.06,1364,0.999,14967,0,0x3
0.663,1251,2570,43.06,1364,0.999,14967,0,0x3
0.6636,1252,2570,43.06,1364,0.999,14967,0,0x3
0.6641,1253,2570,43.06,1364,0.999,14967,0,0x3
0.6646,1254,2570,43.06,1364,0.999,14967,0,0x3
0.6652,1255,2570,43.06,1364,0.999,14967,0,0x3
0.6657,1256,2570,43.06,1364,0.999,14966,0,0x3
0.6662,1257,2570,43.06,1364,0.999,14966,0,0x3
0.6667,1258,2570,43.06,1364,0.999,14966,0,0x3
0.6673,1259,2570,43.06,1364,0.999,14966,0,0x3
0.6678,1260,2570,43.06,1364,0.999,14966,0,0x3
0.6683,1261,2570,43.06,1364,0.999,14966,0,0x3
0.6689,1262,2570,43.06,1364,0.999,14966,0,0x3
0.6694,1263,2570,43.06,1364,0.999,14966,0,0x3
0.6699,1264,2570,43.06,1364,0.999,14966,0,0x3
0.6704,1265,2570,43.06,1364,0.999,14967,0,0x3
0.671,1266,2570,43.06,1364,0.999,14967,0,0x3
0.6715,1267,2570,43.06,1364,0.999,14967,0,0x3
0.672,1268,2570,43.06,1364,0.999,14967,0,0x3
0.6726,1269,2570,43.06,1364,0.999,14967,0,0x3
0.6731,1270,2570,43.06,1364,0.999,14967,0,0x3
0.6736,1271,2570,43.06,1364,0.999,14967,0,0x3
0.6742,1272,2570,43.06,1364,0.999,14967,0,0x3
0.6747,1273,2570,43.06,1364,0.999,14967,0,0x3
0.6752,1274,2570,43.06,1364,0.999,14967,0,0x3
0.6757,1275,2570,43.06,1364,0.999,14967,0,0x3
0.6763,1276,2570,43.06,1364,0.999,14967,0,0x3
0.6768,1277,2570,43.06,1364,0.999,14967,0,0x3
0.6773,1278,2570,43.06,1364,0.999,14967,0,0x3
0.6779,1279,2570,43.06,1364,0.999,14967,0,0x3
0.6784,1280,2570,43.06,1360,0.9961,14967,0,0x3
0.6789,1281,2570,43.06,1360,0.9961,14967,0,0x3
0.6795,1282,2570,43.06,1360,0.9961,14967,0,0x3
0.68,1283,2570,43.06,1360,0.9961,14967,0,0x3
0.6805,1284,2570,43.06,1360,0.9961,14967,0,0x3
0.681,1285,2570,43.06,1360,0.9961,14967,0,0x3
0.6816,1286,2570,43.06,1360,0.9961,14967,0,0x3
0.6821,1287,2570,43.06,1360,0.9961,14967,0,0x3
0.6826,1288,2570,43.06,1360,0.9961,14967,0,0x3
0.6832,1289,2570,43.06,1360,0.9961,14967,0,0x3
0.6837,1290,2570,43.06,1360,0.9961,14967,0,0x3
0.6842,1291,2570,43.06,1360,0.9961,14967,0,0x3
0.6848,1292,2570,43.06,1360,0.9961,14967,0,0x3
0.6853,1293,2570,43.06,1360,0.9961,14967,0,0x3
0.6858,1294,2570,43.06,1360,0.9961,14967,0,0x3
0.6864,1295,2570,43.06,1360,0.9961,14967,0,0x3
0.6869,1296,2570,43.06,1360,0.9961,14967,0,0x3
0.6874,1297,2570,43.06,1360,0.9961,14967,0,0x3
0.6879,1298,2570,43.06,1360,0.9961,14967,0,0x3
0.6885,1299,2570,43.06,1360,0.9961,14967,0,0x3
0.689,1300,2570,43.06,1360,0.9961,14967,0,0x3
0.6895,1301,2570,43.06,1360,0.9961,14967,0,0x3
0.6901,1302,2570,43.06,1360,0.9961,14968,0,0x3
0.6906,1303,2570,43.06,1360,0.9961,14968,0,0x3
0.6911,1304,2570,43.06,1360,0.9961,14968,0,0x3
0.6916,1305,2570,43.06,1360,0.9961,14967,0,0x3
0.6922,1306,2570,43.06,1360,0.9961,14967,0,0x3
0.6927,1307,2570,43.06,1360,0.9961,14967,0,0x3
0.6932,1308,2570,43.06,1360,0.9961,14967,0,0x3
0.6938,1309,2570,43.06,1360,0.9961,14967,0,0x3
0.6943,1310,2570,43.06,1360,0.9961,14967,0,0x3
0.6948,1311,2570,43.06,1360,0.9961,14967,0,0x3
0.6954,1312,2570,43.06,1360,0.9961,14967,0,0x3
0.6959,1313,2570,43.06,1360,0.9961,14967,0,0x3
0.6964,1314,2570,43.06,1360,0.9961,14967,0,0x3
0.6969,1315,2570,43.06,1360,0.9961,14967,0,0x3
0.6975,1316,2570,43.06,1360,0.9961,14967,0,0x3
0.698,1317,2570,43.06,1360,0.9961,14967,0,0x3
0.6985,1318,2570,43.06,1360,0.9961,14967,0,0x3
0.6991,1319,2570,43.06,1360,0.9961,14967,0,0x3
0.6996,1320,2570,43.06,1364,0.999,14967,0,0x3
0.7001,1321,2570,43.06,1364,0.999,14967,0,0x3
0.7007,1322,2570,43.06,1364,0.999,14967,0,0x3
0.7012,1323,2570,43.06,1364,0.999,14967,0,0x3
0.7017,1324,2570,43.06,1364,0.999,14967,0,0x3
0.7022,1325,2570,43.06,1364,0.999,14967,0,0x3
0.7028,1326,2570,43.06,1364,0.999,14967,0,0x3
0.7033,1327,2570,43.06,1364,0.999,14967,0,0x3
0.7038,1328,2570,43.06,1364,0.999,14967,0,0x3
0.7044,1329,2570,43.06,1364,0.999,14967,0,0x3
0.7049,1330,2570,43.06,1364,0.999,14967,0,0x3
0.7054,1331,2570,43.06,1364,0.999,14967,0,0x3
0.706,1332,2570,43.06,1364,0.999,14967,0,0x3
0.7065,1333,2570,43.06,1364,0.999,14967,0,0x3
0.707,1334,2570,43.06,1364,0.999,14967,0,0x3
0.7076,1335,2570,43.06,1364,0.999,14967,0,0x3
0.7081,1336,2570,43.06,1364,0.999,14967,0,0x3
0.7086,1337,2570,43.06,1364,0.999,14968,0,0x3
0.7091,1338,2570,43.06,1364,0.999,14967,0,0x3
0.7097,1339,2570,43.06,1364,0.999,14967,0,0x3
0.7102,1340,2570,43.06,1364,0.999,14967,0,0x3
0.7107,1341,2570,43.06,1364,0.999,14967,0,0x3
0.7113,1342,2570,43.06,1364,0.999,14967,0,0x3
0.7118,1343,2570,43.06,1364,0.999,14967,0,0x3
0.7123,1344,2570,43.06,1364,0.999,14966,0,0x3
0.7128,1345,2570,43.06,1364,0.999,14967,0,0x3
0.7134,1346,2570,43.06,1364,0.999,14967,0,0x3
0.7139,1347,2570,43.06,1364,0.999,14967,0,0x3
0.7144,1348,2570,43.06,1364,0.999,14967,0,0x3
0.715,1349,2570,43.06,1364,0.999,14966,0,0x3
0.7155,1350,2570,43.06,1364,0.999,14966,0,0x3
0.716,1351,2570,43.06,1364,0.999,14967,0,0x3
0.7166,1352,2570,43.06,1364,0.999,14966,0,0x3
0.7171,1353,2570,43.06,1364,0.999,14967,0,0x3
0.7176,1354,2570,43.06,1364,0.999,14966,0,0x3
0.7181,1355,2570,43.06,1364,0.999,14966,0,0x3
0.7187,1356,2570,43.06,1364,0.999,14966,0,0x3
0.7192,1357,2570,43.06,1364,0.999,14966,0,0x3
0.7197,1358,2570,43.06,1364,0.999,14967,0,0x3
0.7203,1359,2570,43.06,1364,0.999,14967,0,0x3
0.7208,1360,2570,43.06,1360,0.9961,14966,0,0x3
0.7213,1361,2570,43.06,1360,0.9961,14966,0,0x3
0.7219,1362,2570,43.06,1360,0.9961,14966,0,0x3
0.7224,1363,2570,43.06,1360,0.9961,14966,0,0x3
0.7229,1364,2570,43.06,1360,0.9961,14967,0,0x3
0.7234,1365,2570,43.06,1360,0.9961,14967,0,0x3
0.724,1366,2570,43.06,1360,0.9961,14967,0,0x3
0.7245,1367,2570,43.06,1360,0.9961,14967,0,0x3
0.725,1368,2570,43.06,1360,0.9961,14967,0,0x3
0.7256,1369,2570,43.06,1360,0.9961,14967,0,0x3
0.7261,1370,2570,43.06,1360,0.9961,14967,0,0x3
0.7266,1371,2570,43.06,1360,0.9961,14967,0,0x3
0.7272,1372,2570,43.06,1360,0.9961,14967,0,0x3
0.7277,1373,2570,43.06,1360,0.9961,14966,0,0x3
0.7282,1374,2570,43.06,1360,0.9961,14967,0,0x3
0.7288,1375,2570,43.06,1360,0.9961,14967,0,0x3
0.7293,1376,2570,43.06,1360,0.9961,14967,0,0x3
0.7298,1377,2570,43.06,1360,0.9961,14967,0,0x3
0.7303,1378,2570,43.06,1360,0.9961,14967,0,0x3
0.7309,1379,2570,43.06,1360,0.9961,14967,0,0x3
0.7314,1380,2570,43.06,1360,0.9961,14967,0,0x3
0.7319,1381,2570,43.06,1360,0.9961,14967,0,0x3
0.7325,1382,2570,43.06,1360,0.9961,14967,0,0x3
0.733,1383,2570,43.06,1360,0.9961,14967,0,0x3
0.7335,1384,2570,43.06,1360,0.9961,14967,0,0x3
0.734,1385,2570,43.06,1360,0.9961,14967,0,0x3
0.7346,1386,2570,43.06,1360,0.9961,14967,0,0x3
0.7351,1387,2570,43.06,1360,0.9961,14967,0,0x3
0.7356,1388,2570,43.06,1360,0.9961,14967,0,0x3
0.7362,1389,2570,43.06,1360,0.9961,14967,0,0x3
0.7367,1390,2570,43.06,1360,0.9961,14967,0,0x3
0.7372,1391,2570,43.06,1360,0.9961,14967,0,0x3
0.7378,1392,2570,43.06,1360,0.9961,14967,0,0x3
0.7383,1393,2570,43.06,1360,0.9961,14967,0,0x3
0.7388,1394,2570,43.06,1360,0.9961,14966,0,0x3
0.7393,1395,2570,43.06,1360,0.9961,14967,0,0x3
0.7399,1396,2570,43.06,1360,0.9961,14966,0,0x3
0.7404,1397,2570,43.06,1360,0.9961,14966,0,0x3
0.7409,1398,2570,43.06,1360,0.9961,14966,0,0x3
0.7415,1399,2570,43.06,1360,0.9961,14966,0,0x3
0.742,1400,2570,43.06,1364,0.999,14966,0,0x3
0.7425,1401,2570,43.06,1364,0.999,14966,0,0x3
0.7431,1402,2570,43.06,1364,0.999,14966,0,0x3
0.7436,1403,2570,43.06,1364,0.999,14966,0,0x3
0.7441,1404,2570,43.06,1364,0.999,14966,0,0x3
0.7446,1405,2570,43.06,1364,0.999,14966,0,0x3
0.7452,1406,2570,43.06,1364,0.999,14966,0,0x3
0.7457,1407,2570,43.06,1364,0.999,14966,0,0x3
0.7462,1408,2570,43.06,1364,0.999,14967,0,0x3
0.7468,1409,2570,43.06,1364,0.999,14967,0,0x3
0.7473,1410,2570,43.06,1364,0.999,14967,0,0x3
0.7478,1411,2570,43.06,1364,0.999,14967,0,0x3
0.7484,1412,2570,43.06,1364,0.999,14967,0,0x3
0.7489,1413,2570,43.06,1364,0.999,14967,0,0x3
0.7494,1414,2570,43.06,1364,0.999,14967,0,0x3
0.75,1415,2570,43.06,1364,0.999,14967,0,0x3
0.7505,1416,2570,43.06,1364,0.999,14967,0,0x3
0.751,1417,2570,43.06,1364,0.999,14967,0,0x3
0.7515,1418,2570,43.06,1364,0.999,14967,0,0x3
0.7521,1419,2570,43.06,1364,0.999,14967,0,0x3
0.7526,1420,2570,43.06,1364,0.999,14967,0,0x3
0.7531,1421,2570,43.06,1364,0.999,14968,0,0x3
0.7537,1422,2570,43.06,1364,0.999,14968,0,0x3
0.7542,1423,2570,43.06,1364,0.999,14968,0,0x3
0.7547,1424,2570,43.06,1364,0.999,14967,0,0x3
0.7552,1425,2570,43.06,1364,0.999,14967,0,0x3
0.7558,1426,2570,43.06,1364,0.999,14967,0,0x3
0.7563,1427,2570,43.06,1364,0.999,14967,0,0x3
0.7568,1428,2570,43.06,1364,0.999,14967,0,0x3
0.7574,1429,2570,43.06,1364,0.999,14967,0,0x3
0.7579,1430,2570,43.06,1364,0.999,14967,0,0x3
0.7584,1431,2570,43.06,1364,0.999,14967,0,0x3
0.759,1432,2570,43.06,1364,0.999,14967,0,0x3
0.7595,1433,2570,43.06,1364,0.999,14967,0,0x3
0.76,1434,2570,43.06,1364,0.999,14967,0,0x3
0.7605,1435,2570,43.06,1364,0.999,14967,0,0x3
0.7611,1436,2570,43.06,1364,0.999,14967,0,0x3
0.7616,1437,2570,43.06,1364,0.999,14967,0,0x3
0.7621,1438,2570,43.06,1364,0.999,14967,0,0x3
0.7627,1439,2570,43.06,1364,0.999,14967,0,0x3
0.7632,1440,2570,43.06,1360,0.9961,14967,0,0x3
0.7637,1441,2570,43.06,1360,0.9961,14967,0,0x3
0.7643,1442,2570,43.06,1360,0.9961,14967,0,0x3
0.7648,1443,2570,43.06,1360,0.9961,14967,0,0x3
0.7653,1444,2570,43.06,1360,0.9961,14967,0,0x3
0.7658,1445,2570,43.06,1360,0.9961,14966,0,0x3
0.7664,1446,2570,43.06,1360,0.9961,14966,0,0x3
0.7669,1447,2570,43.06,1360,0.9961,14966,0,0x3
0.7674,1448,2570,43.06,1360,0.9961,14966,0,0x3
0.768,1449,2570,43.06,1360,0.9961,14966,0,0x3
0.7685,1450,2570,43.06,1360,0.9961,14966,0,0x3
0.769,1451,2570,43.06,1360,0.9961,14966,0,0x3
0.7696,1452,2570,43.06,1360,0.9961,14966,0,0x3
0.7701,1453,2570,43.06,1360,0.9961,14967,0,0x3
0.7706,1454,2570,43.06,1360,0.9961,14966,0,0x3
0.7712,1455,2570,43.06,1360,0.9961,14966,0,0x3
0.7717,1456,2570,43.06,1360,0.9961,14966,0,0x3
0.7722,1457,2570,43.06,1360,0.9961,14966,0,0x3
0.7727,1458,2570,43.06,1360,0.9961,14967,0,0x3
0.7733,1459,2570,43.06,1360,0.9961,14967,0,0x3
0.7738,1460,2570,43.06,1360,0.9961,14966,0,0x3
0.7743,1461,2570,43.06,1360,0.9961,14966,0,0x3
0.7749,1462,2570,43.06,1360,0.9961,14966,0,0x3
0.7754,1463,2570,43.06,1360,0.9961,14966,0,0x3
0.7759,1464,2570,43.06,1360,0.9961,14966,0,0x3
0.7764,1465,2570,43.06,1360,0.9961,14967,0,0x3
0.777,1466,2570,43.06,1360,0.9961,14967,0,0x3
0.7775,1467,2570,43.06,1360,0.9961,14967,0,0x3
0.778,1468,2570,43.06,1360,0.9961,14967,0,0x3
0.7786,1469,2570,43.06,1360,0.9961,14967,0,0x3
0.7791,1470,2570,43.06,1360,0.9961,14967,0,0x3
0.7796,1471,2570,43.06,1360,0.9961,14967,0,0x3
0.7802,1472,2570,43.06,1359,0.9954,14967,0,0x3
0.7807,1473,2570,43.06,1359,0.9954,14967,0,0x3
0.7812,1474,2570,43.06,1359,0.9954,14967,0,0x3
0.7817,1475,2570,43.06,1359,0.9954,14967,0,0x3
0.7823,1476,2570,43.06,1359,0.9954,14967,0,0x3
0.7828,1477,2570,43.06,1359,0.9954,14967,0,0x3
0.7833,1478,2570,43.06,1359,0.9954,14967,0,0x3
0.7839,1479,2570,43.06,1359,0.9954,14967,0,0x3
0.7844,1480,2570,43.06,1363,0.9983,14967,0,0x3
0.7849,1481,2570,43.06,1363,0.9983,14968,0,0x3
0.7855,1482,2570,43.06,1363,0.9983,14968,0,0x3
0.786,1483,2570,43.06,1363,0.9983,14968,0,0x3
0.7865,1484,2570,43.06,1363,0.9983,14967,0,0x3
0.787,1485,2570,43.06,1363,0.9983,14967,0,0x3
0.7876,1486,2570,43.06,1363,0.9983,14967,0,0x3
0.7881,1487,2570,43.06,1364,0.999,14967,0,0x3
0.7886,1488,2570,43.06,1364,0.999,14967,0,0x3
0.7892,1489,2570,43.06,1364,0.999,14967,0,0x3
0.7897,1490,2570,43.06,1364,0.999,14967,0,0x3
0.7902,1491,2570,43.06,1364,0.999,14967,0,0x3
0.7908,1492,2570,43.06,1364,0.999,14967,0,0x3
0.7913,1493,2570,43.06,1363,0.9983,14967,0,0x3
0.7918,1494,2570,43.06,1364,0.999,14967,0,0x3
0.7923,1495,2570,43.06,1363,0.9983,14968,0,0x3
0.7929,1496,2570,43.06,1364,0.999,14968,0,0x3
0.7934,1497,2570,43.06,1364,0.999,14968,0,0x3
0.7939,1498,2570,43.06,1364,0.999,14968,0,0x3
0.7945,1499,2570,43.06,1364,0.999,14968,0,0x3
0.795,1500,2570,43.06,1364,0.999,14968,1,0x3
0.7955,1501,2570,43.06,1364,0.999,14968,0,0x3
0.7961,1502,2570,43.06,1364,0.999,14968,0,0x3
0.7966,1503,2570,43.06,1364,0.999,14968,0,0x3
0.7971,1504,2570,43.06,1363,0.9983,14968,0,0x3
0.7976,1505,2570,43.06,1363,0.9983,14968,0,0x3
0.7982,1506,2570,43.06,1363,0.9983,14968,0,0x3
0.7987,1507,2570,43.06,1363,0.9983,14968,0,0x3
0.7992,1508,2570,43.06,1363,0.9983,14968,0,0x3
0.7998,1509,2570,43.06,1363,0.9983,14968,0,0x3
0.8003,1510,2570,43.06,1363,0.9983,14968,0,0x3
0.8008,1511,2570,43.06,1363,0.9983,14969,0,0x3
0.8014,1512,2570,43.06,1363,0.9983,14969,0,0x3
0.8019,1513,2570,43.06,1363,0.9983,14968,0,0x3
0.8024,1514,2570,43.06,1363,0.9983,14968,0,0x3
0.8029,1515,2570,43.06,1363,0.9983,14968,0,0x3
0.8035,1516,2570,43.06,1363,0.9983,14969,0,0x3
0.804,1517,2570,43.06,1363,0.9983,14969,0,0x3
0.8045,1518,2570,43.06,1363,0.9983,14969,0,0x3
0.8051,1519,2570,43.06,1363,0.9983,14969,0,0x3
0.8056,1520,2570,43.06,1359,0.9954,14969,0,0x3
0.8061,1521,2570,43.06,1359,0.9954,14969,0,0x3
0.8067,1522,2570,43.06,1359,0.9954,14969,0,0x3
0.8072,1523,2570,43.06,1359,0.9954,14969,0,0x3
0.8077,1524,2570,43.06,1359,0.9954,14969,0,0x3
0.8083,1525,2570,43.06,1359,0.9954,14970,0,0x3
0.8088,1526,2570,43.06,1359,0.9954,14970,0,0x3
0.8093,1527,2570,43.06,1359,0.9954,14970,0,0x3
0.8098,1528,2570,43.06,1359,0.9954,14970,0,0x3
0.8104,1529,2570,43.06,1359,0.9954,14970,0,0x3
0.8109,1530,2570,43.06,1359,0.9954,14970,0,0x3
0.8114,1531,2570,43.06,1359,0.9954,14970,0,0x3
0.812,1532,2570,43.06,1359,0.9954,14970,0,0x3
0.8125,1533,2570,43.06,1359,0.9954,14970,0,0x3
0.813,1534,2570,43.06,1359,0.9954,14970,0,0x3
0.8135,1535,2570,43.06,1359,0.9954,14970,0,0x3
0.8141,1536,2570,43.06,1359,0.9954,14969,0,0x3
0.8146,1537,2570,43.06,1359,0.9954,14970,0,0x3
0.8151,1538,2570,43.06,1359,0.9954,14970,0,0x3
0.8157,1539,2570,43.06,1359,0.9954,14970,0,0x3
0.8162,1540,2570,43.06,1359,0.9954,14970,0,0x3
0.8167,1541,2570,43.06,1359,0.9954,14970,0,0x3
0.8173,1542,2570,43.06,1359,0.9954,14970,0,0x3
0.8178,1543,2570,43.06,1359,0.9954,14969,0,0x3
0.8183,1544,2570,43.06,1359,0.9954,14969,0,0x3
0.8188,1545,2570,43.06,1359,0.9954,14969,0,0x3
0.8194,1546,2570,43.06,1359,0.9954,14969,0,0x3
0.8199,1547,2570,43.06,1359,0.9954,14969,0,0x3
0.8204,1548,2570,43.06,1359,0.9954,14970,0,0x3
0.821,1549,2570,43.06,1359,0.9954,14970,0,0x3
0.8215,1550,2570,43.06,1359,0.9954,14970,0,0x3
0.822,1551,2570,43.06,1359,0.9954,14970,0,0x3
0.8226,1552,2570,43.06,1359,0.9954,14970,0,0x3
0.8231,1553,2570,43.06,1359,0.9954,14970,0,0x3
0.8236,1554,2570,43.06,1359,0.9954,14970,0,0x3
0.8241,1555,2570,43.06,1359,0.9954,14970,0,0x3
0.8247,1556,2570,43.06,1359,0.9954,14970,0,0x3
0.8252,1557,2570,43.06,1359,0.9954,14969,0,0x3
0.8257,1558,2570,43.06,1359,0.9954,14969,0,0x3
0.8263,1559,2570,43.06,1359,0.9954,14969,0,0x3
0.8268,1560,2570,43.06,1363,0.9983,14969,0,0x3
0.8273,1561,2570,43.06,1363,0.9983,14969,0,0x3
0.8279,1562,2570,43.06,1363,0.9983,14969,0,0x3
0.8284,1563,2570,43.06,1363,0.9983,14969,0,0x3
0.8289,1564,2570,43.06,1363,0.9983,14969,0,0x3
0.8295,1565,2570,43.06,1363,0.9983,14969,0,0x3
0.83,1566,2570,43.06,1363,0.9983,14969,0,0x3
0.8305,1567,2570,43.06,1363,0.9983,14969,0,0x3
0.831,1568,2570,43.06,1363,0.9983,14969,0,0x3
0.8316,1569,2570,43.06,1363,0.9983,14970,0,0x3
0.8321,1570,2570,43.06,1363,0.9983,14969,0,0x3
0.8326,1571,2570,43.06,1363,0.9983,14969,0,0x3
0.8332,1572,2570,43.06,1363,0.9983,14970,0,0x3
0.8337,1573,2570,43.06,1363,0.9983,14970,0,0x3
0.8342,1574,2570,43.06,1363,0.9983,14970,0,0x3
0.8347,1575,2570,43.06,1363,0.9983,14970,0,0x3
0.8353,1576,2570,43.06,1363,0.9983,14970,0,0x3
0.8358,1577,2570,43.06,1363,0.9983,14970,0,0x3
0.8363,1578,2570,43.06,1363,0.9983,14970,0,0x3
0.8369,1579,2570,43.06,1363,0.9983,14970,0,0x3
0.8374,1580,2570,43.06,1363,0.9983,14971,0,0x3
0.8379,1581,2570,43.06,1363,0.9983,14970,0,0x3
0.8385,1582,2570,43.06,1363,0.9983,14970,0,0x3
0.839,1583,2570,43.06,1363,0.9983,14970,0,0x3
0.8395,1584,2570,43.06,1363,0.9983,14970,0,0x3
0.84,1585,2570,43.06,1363,0.9983,14970,0,0x3
0.8406,1586,2570,43.06,1363,0.9983,14970,0,0x3
0.8411,1587,2570,43.06,1363,0.9983,14970,0,0x3
0.8416,1588,2570,43.06,1363,0.9983,14970,0,0x3
0.8422,1589,2570,43.06,1363,0.9983,14970,0,0x3
0.8427,1590,2570,43.06,1363,0.9983,14970,0,0x3
0.8432,1591,2570,43.06,1363,0.9983,14970,0,0x3
0.8438,1592,2570,43.06,1363,0.9983,14970,0,0x3
0.8443,1593,2570,43.06,1363,0.9983,14971,0,0x3
0.8448,1594,2570,43.06,1363,0.9983,14971,0,0x3
0.8453,1595,2570,43.06,1363,0.9983,14971,0,0x3
0.8459,1596,2570,43.06,1363,0.9983,14971,0,0x3
0.8464,1597,2570,43.06,1363,0.9983,14971,0,0x3
0.8469,1598,2570,43.06,1363,0.9983,14971,0,0x3
0.8475,1599,2570,43.06,1363,0.9983,14971,0,0x3
0.848,1600,2570,43.06,1359,0.9954,14971,0,0x3
0.8485,1601,2570,43.06,1359,0.9954,14971,0,0x3
0.8491,1602,2570,43.06,1359,0.9954,14971,0,0x3
0.8496,1603,2570,43.06,1359,0.9954,14971,0,0x3
0.8501,1604,2570,43.06,1359,0.9954,14971,0,0x3
0.8507,1605,2570,43.06,1359,0.9954,14971,0,0x3
0.8512,1606,2570,43.06,1358,0.9946,14971,0,0x3
0.8517,1607,2570,43.06,1358,0.9946,14971,0,0x3
0.8522,1608,2570,43.06,1358,0.9946,14971,0,0x3
0.8528,1609,2570,43.06,1358,0.9946,14971,0,0x3
0.8533,1610,2570,43.06,1358,0.9946,14971,0,0x3
0.8538,1611,2570,43.06,1358,0.9946,14971,0,0x3
0.8544,1612,2570,43.06,1358,0.9946,14971,0,0x3
0.8549,1613,2570,43.06,1358,0.9946,14971,0,0x3
0.8554,1614,2570,43.06,1358,0.9946,14972,0,0x3
0.8559,1615,2570,43.06,1358,0.9946,14972,0,0x3
0.8565,1616,2570,43.06,1358,0.9946,14972,0,0x3
0.857,1617,2570,43.06,1358,0.9946,14972,0,0x3
0.8575,1618,2570,43.06,1358,0.9946,14971,0,0x3
0.8581,1619,2570,43.06,1358,0.9946,14971,0,0x3
0.8586,1620,2570,43.06,1358,0.9946,14971,0,0x3
0.8591,1621,2570,43.06,1358,0.9946,14971,0,0x3
0.8597,1622,2570,43.06,1358,0.9946,14971,0,0x3
0.8602,1623,2570,43.06,1358,0.9946,14971,0,0x3
0.8607,1624,2570,43.06,1358,0.9946,14971,0,0x3
0.8612,1625,2570,43.06,1358,0.9946,14971,0,0x3
0.8618,1626,2570,43.06,1358,0.9946,14971,0,0x3
0.8623,1627,2570,43.06,1358,0.9946,14971,0,0x3
0.8628,1628,2570,43.06,1358,0.9946,14971,0,0x3
0.8634,1629,2570,43.06,1358,0.9946,14971,0,0x3
0.8639,1630,2570,43.06,1358,0.9946,14971,0,0x3
0.8644,1631,2570,43.06,1358,0.9946,14971,0,0x3
0.865,1632,2570,43.06,1358,0.9946,14971,0,0x3
0.8655,1633,2570,43.06,1358,0.9946,14971,0,0x3
0.866,1634,2570,43.06,1358,0.9946,14971,0,0x3
0.8665,1635,2570,43.06,1358,0.9946,14972,0,0x3
0.8671,1636,2570,43.06,1358,0.9946,14971,0,0x3
0.8676,1637,2570,43.06,1358,0.9946,14971,0,0x3
0.8681,1638,2570,43.06,1358,0.9946,14971,0,0x3
0.8687,1639,2570,43.06,1358,0.9946,14971,0,0x3
0.8692,1640,2570,43.06,1362,0.9976,14971,0,0x3
0.8697,1641,2570,43.06,1362,0.9976,14971,0,0x3
0.8703,1642,2570,43.06,1362,0.9976,14971,0,0x3
0.8708,1643,2570,43.06,1362,0.9976,14971,0,0x3
0.8713,1644,2570,43.06,1362,0.9976,14971,0,0x3
0.8719,1645,2570,43.06,1362,0.9976,14971,0,0x3
0.8724,1646,2570,43.06,1362,0.9976,14971,0,0x3
0.8729,1647,2570,43.06,1362,0.9976,14971,0,0x3
0.8734,1648,2570,43.06,1362,0.9976,14971,0,0x3
0.874,1649,2570,43.06,1362,0.9976,14971,0,0x3
0.8745,1650,2570,43.06,1362,0.9976,14971,0,0x3
0.875,1651,2570,43.06,1362,0.9976,14970,0,0x3
0.8756,1652,2570,43.06,1362,0.9976,14970,0,0x3
0.8761,1653,2570,43.06,1362,0.9976,14970,0,0x3
0.8766,1654,2570,43.06,1362,0.9976,14970,0,0x3
0.8771,1655,2570,43.06,1362,0.9976,14970,0,0x3
0.8777,1656,2570,43.06,1362,0.9976,14970,0,0x3
0.8782,1657,2570,43.06,1362,0.9976,14970,0,0x3
0.8787,1658,2570,43.06,1362,0.9976,14970,0,0x3
0.8793,1659,2570,43.06,1362,0.9976,14970,0,0x3
0.8798,1660,2570,43.06,1362,0.9976,14970,0,0x3
0.8803,1661,2570,43.06,1362,0.9976,14970,0,0x3
0.8809,1662,2570,43.06,1362,0.9976,14969,0,0x3
0.8814,1663,2570,43.06,1362,0.9976,14969,0,0x3
0.8819,1664,2570,43.06,1362,0.9976,14969,0,0x3
0.8824,1665,2570,43.06,1362,0.9976,14970,0,0x3
0.883,1666,2570,43.06,1362,0.9976,14970,0,0x3
0.8835,1667,2570,43.06,1362,0.9976,14970,0,0x3
0.884,1668,2570,43.06,1362,0.9976,14970,0,0x3
0.8846,1669,2570,43.06,1362,0.9976,14970,0,0x3
0.8851,1670,2570,43.06,1362,0.9976,14970,0,0x3
0.8856,1671,2570,43.06,1362,0.9976,14969,0,0x3
0.8862,1672,2570,43.06,1362,0.9976,14969,0,0x3
0.8867,1673,2570,43.06,1362,0.9976,14969,0,0x3
0.8872,1674,2570,43.06,1362,0.9976,14969,0,0x3
0.8877,1675,2570,43.06,1362,0.9976,14969,0,0x3
0.8883,1676,2570,43.06,1362,0.9976,14969,0,0x3
0.8888,1677,2570,43.06,1362,0.9976,14969,0,0x3
0.8893,1678,2570,43.06,1362,0.9976,14969,0,0x3
0.8899,1679,2570,43.06,1362,0.9976,14968,0,0x3
0.8904,1680,2570,43.06,1358,0.9946,14968,0,0x3
0.8909,1681,2570,43.06,1358,0.9946,14969,0,0x3
0.8915,1682,2570,43.06,1358,0.9946,14969,0,0x3
0.892,1683,2570,43.06,1358,0.9946,14969,0,0x3
0.8925,1684,2570,43.06,1358,0.9946,14969,0,0x3
0.8931,1685,2570,43.06,1358,0.9946,14968,0,0x3
0.8936,1686,2570,43.06,1358,0.9946,14969,0,0x3
0.8941,1687,2570,43.06,1358,0.9946,14969,0,0x3
0.8946,1688,2570,43.06,1358,0.9946,14968,0,0x3
0.8952,1689,2570,43.06,1358,0.9946,14968,0,0x3
0.8957,1690,2570,43.06,1358,0.9946,14968,0,0x3
0.8962,1691,2570,43.06,1358,0.9946,14968,0,0x3
0.8968,1692,2570,43.06,1358,0.9946,14968,0,0x3
0.8973,1693,2570,43.06,1358,0.9946,14968,0,0x3
0.8978,1694,2570,43.06,1358,0.9946,14968,0,0x3
0.8983,1695,2570,43.06,1358,0.9946,14968,0,0x3
0.8989,1696,2570,43.06,1358,0.9946,14968,0,0x3
0.8994,1697,2570,43.06,1358,0.9946,14968,0,0x3
0.8999,1698,2570,43.06,1358,0.9946,14968,0,0x3
0.9005,1699,2570,43.06,1358,0.9946,14968,0,0x3
0.901,1700,2570,43.06,1358,0.9946,14968,0,0x3
0.9015,1701,2570,43.06,1358,0.9946,14968,0,0x3
0.9021,1702,2570,43.06,1358,0.9946,14968,0,0x3
0.9026,1703,2570,43.06,1358,0.9946,14968,0,0x3
0.9031,1704,2570,43.06,1358,0.9946,14968,0,0x3
0.9036,1705,2570,43.06,1358,0.9946,14968,0,0x3
0.9042,1706,2570,43.06,1358,0.9946,14968,0,0x3
0.9047,1707,2570,43.06,1358,0.9946,14968,0,0x3
0.9052,1708,2570,43.06,1358,0.9946,14968,0,0x3
0.9058,1709,2570,43.06,1358,0.9946,14968,0,0x3
0.9063,1710,2570,43.06,1358,0.9946,14968,0,0x3
0.9068,1711,2570,43.06,1358,0.9946,14968,0,0x3
0.9074,1712,2570,43.06,1358,0.9946,14968,0,0x3
0.9079,1713,2570,43.06,1358,0.9946,14968,0,0x3
0.9084,1714,2570,43.06,1358,0.9946,14968,0,0x3
0.9089,1715,2570,43.06,1358,0.9946,14968,0,0x3
0.9095,1716,2570,43.06,1358,0.9946,14968,0,0x3
0.91,1717,2570,43.06,1358,0.9946,14968,0,0x3
0.9105,1718,2570,43.06,1358,0.9946,14967,0,0x3
0.9111,1719,2570,43.06,1358,0.9946,14967,0,0x3
0.9116,1720,2570,43.06,1362,0.9976,14967,0,0x3
0.9121,1721,2570,43.06,1362,0.9976,14967,0,0x3
0.9127,1722,2570,43.06,1362,0.9976,14967,0,0x3
0.9132,1723,2570,43.06,1362,0.9976,14967,0,0x3
0.9137,1724,2570,43.06,1362,0.9976,14967,0,0x3
0.9143,1725,2570,43.06,1362,0.9976,14967,0,0x3
0.9148,1726,2570,43.06,1362,0.9976,14967,0,0x3
0.9153,1727,2570,43.06,1362,0.9976,14967,0,0x3
0.9158,1728,2570,43.06,1362,0.9976,14967,0,0x3
0.9164,1729,2570,43.06,1362,0.9976,14967,0,0x3
0.9169,1730,2570,43.06,1362,0.9976,14967,0,0x3
0.9174,1731,2570,43.06,1361,0.9968,14966,0,0x3
0.918,1732,2570,43.06,1362,0.9976,14967,0,0x3
0.9185,1733,2570,43.06,1362,0.9976,14966,0,0x3
0.919,1734,2570,43.06,1361,0.9968,14966,0,0x3
0.9195,1735,2570,43.06,1362,0.9976,14967,0,0x3
0.9201,1736,2570,43.06,1362,0.9976,14966,0,0x3
0.9206,1737,2570,43.06,1361,0.9968,14966,0,0x3
0.9211,1738,2570,43.06,1362,0.9976,14966,0,0x3
0.9217,1739,2570,43.06,1362,0.9976,14966,0,0x3
0.9222,1740,2570,43.06,1362,0.9976,14966,0,0x3
0.9227,1741,2570,43.06,1362,0.9976,14966,0,0x3
0.9233,1742,2570,43.06,1362,0.9976,14966,0,0x3
0.9238,1743,2570,43.06,1362,0.9976,14966,0,0x3
0.9243,1744,2570,43.06,1362,0.9976,14966,0,0x3
0.9248,1745,2570,43.06,1362,0.9976,14966,0,0x3
0.9254,1746,2570,43.06,1362,0.9976,14966,0,0x3
0.9259,1747,2570,43.06,1362,0.9976,14966,0,0x3
0.9264,1748,2570,43.06,1362,0.9976,14967,0,0x3
0.927,1749,2570,43.06,1362,0.9976,14967,0,0x3
0.9275,1750,2570,43.06,1362,0.9976,14967,0,0x3
0.928,1751,2570,43.06,1362,0.9976,14967,0,0x3
0.9286,1752,2570,43.06,1362,0.9976,14967,0,0x3
0.9291,1753,2570,43.06,1362,0.9976,14967,0,0x3
0.9296,1754,2570,43.06,1362,0.9976,14967,0,0x3
0.9301,1755,2570,43.06,1362,0.9976,14967,0,0x3
0.9307,1756,2570,43.06,1362,0.9976,14967,0,0x3
0.9312,1757,2570,43.06,1362,0.9976,14967,0,0x3
0.9317,1758,2570,43.06,1362,0.9976,14967,0,0x3
0.9323,1759,2570,43.06,1362,0.9976,14967,0,0x3
0.9328,1760,2570,43.06,1358,0.9946,14967,0,0x3
0.9333,1761,2570,43.06,1358,0.9946,14967,0,0x3
0.9339,1762,2570,43.06,1358,0.9946,14967,0,0x3
0.9344,1763,2570,43.06,1358,0.9946,14967,0,0x3
0.9349,1764,2570,43.06,1358,0.9946,14967,0,0x3
0.9355,1765,2570,43.06,1358,0.9946,14967,0,0x3
0.936,1766,2570,43.06,1358,0.9946,14967,0,0x3
0.9365,1767,2570,43.06,1358,0.9946,14967,0,0x3
0.937,1768,2570,43.06,1358,0.9946,14966,0,0x3
0.9376,1769,2570,43.06,1358,0.9946,14967,0,0x3
0.9381,1770,2570,43.06,1358,0.9946,14967,0,0x3
0.9386,1771,2570,43.06,1358,0.9946,14967,0,0x3
0.9392,1772,2570,43.06,1358,0.9946,14967,0,0x3
0.9397,1773,2570,43.06,1358,0.9946,14967,0,0x3
0.9402,1774,2570,43.06,1358,0.9946,14967,0,0x3
0.9407,1775,2570,43.06,1358,0.9946,14967,0,0x3
0.9413,1776,2570,43.06,1358,0.9946,14967,0,0x3
0.9418,1777,2570,43.06,1358,0.9946,14967,0,0x3
0.9423,1778,2570,43.06,1358,0.9946,14967,0,0x3
0.9429,1779,2570,43.06,1358,0.9946,14967,0,0x3
0.9434,1780,2570,43.06,1358,0.9946,14967,0,0x3
0.9439,1781,2570,43.06,1358,0.9946,14967,0,0x3
0.9445,1782,2570,43.06,1358,0.9946,14967,0,0x3
0.945,1783,2570,43.06,1358,0.9946,14967,0,0x3
0.9455,1784,2570,43.06,1358,0.9946,14967,0,0x3
0.946,1785,2570,43.06,1358,0.9946,14967,0,0x3
0.9466,1786,2570,43.06,1358,0.9946,14967,0,0x3
0.9471,1787,2570,43.06,1358,0.9946,14967,0,0x3
0.9476,1788,2570,43.06,1358,0.9946,14967,0,0x3
0.9482,1789,2570,43.06,1358,0.9946,14967,0,0x3
0.9487,1790,2570,43.06,1358,0.9946,14967,0,0x3
0.9492,1791,2570,43.06,1358,0.9946,14966,0,0x3
0.9498,1792,2570,43.06,1358,0.9946,14966,0,0x3
0.9503,1793,2570,43.06,1358,0.9946,14967,0,0x3
0.9508,1794,2570,43.06,1358,0.9946,14967,0,0x3
0.9513,1795,2570,43.06,1358,0.9946,14967,0,0x3
0.9519,1796,2570,43.06,1358,0.9946,14967,0,0x3
0.9524,1797,2570,43.06,1358,0.9946,14967,0,0x3
0.9529,1798,2570,43.06,1358,0.9946,14967,0,0x3
0.9535,1799,2570,43.06,1358,0.9946,14967,0,0x3
0.954,1800,2570,43.06,1362,0.9976,14967,0,0x3
0.9545,1801,2570,43.06,1362,0.9976,14967,0,0x3
0.9551,1802,2570,43.06,1362,0.9976,14967,0,0x3
0.9556,1803,2570,43.06,1362,0.9976,14967,0,0x3
0.9561,1804,2570,43.06,1362,0.9976,14967,0,0x3
0.9567,1805,2570,43.06,1362,0.9976,14967,0,0x3
0.9572,1806,2570,43.06,1362,0.9976,14967,0,0x3
0.9577,1807,2570,43.06,1362,0.9976,14967,0,0x3
0.9582,1808,2570,43.06,1362,0.9976,14967,0,0x3
0.9588,1809,2570,43.06,1362,0.9976,14967,0,0x3
0.9593,1810,2570,43.06,1362,0.9976,14967,0,0x3
0.9598,1811,2570,43.06,1362,0.9976,14967,0,0x3
0.9604,1812,2570,43.06,1362,0.9976,14967,0,0x3
0.9609,1813,2570,43.06,1362,0.9976,14967,0,0x3
0.9614,1814,2570,43.06,1362,0.9976,14966,0,0x3
0.9619,1815,2570,43.06,1362,0.9976,14966,0,0x3
0.9625,1816,2570,43.06,1362,0.9976,14967,0,0x3
0.963,1817,2570,43.06,1362,0.9976,14966,0,0x3
0.9635,1818,2570,43.06,1362,0.9976,14966,0,0x3
0.9641,1819,2570,43.06,1362,0.9976,14967,0,0x3
0.9646,1820,2570,43.06,1362,0.9976,14966,0,0x3
0.9651,1821,2570,43.06,1362,0.9976,14966,0,0x3
0.9657,1822,2570,43.06,1362,0.9976,14967,0,0x3
0.9662,1823,2570,43.06,1362,0.9976,14967,0,0x3
0.9667,1824,2570,43.06,1362,0.9976,14967,0,0x3
0.9672,1825,2570,43.06,1362,0.9976,14967,0,0x3
0.9678,1826,2570,43.06,1362,0.9976,14967,0,0x3
0.9683,1827,2570,43.06,1362,0.9976,14967,0,0x3
0.9688,1828,2570,43.06,1362,0.9976,14967,0,0x3
0.9694,1829,2570,43.06,1362,0.9976,14967,0,0x3
0.9699,1830,2570,43.06,1362,0.9976,14967,0,0x3
0.9704,1831,2570,43.06,1362,0.9976,14967,0,0x3
0.971,1832,2570,43.06,1362,0.9976,14967,0,0x3
0.9715,1833,2570,43.06,1362,0.9976,14967,0,0x3
0.972,1834,2570,43.06,1362,0.9976,14967,0,0x3
0.9725,1835,2570,43.06,1362,0.9976,14967,0,0x3
0.9731,1836,2570,43.06,1362,0.9976,14967,0,0x3
0.9736,1837,2570,43.06,1362,0.9976,14967,0,0x3
0.9741,1838,2570,43.06,1362,0.9976,14967,0,0x3
0.9747,1839,2570,43.06,1362,0.9976,14967,0,0x3
0.9752,1840,2570,43.06,1358,0.9946,14967,0,0x3
0.9757,1841,2570,43.06,1358,0.9946,14967,0,0x3
0.9763,1842,2570,43.06,1358,0.9946,14967,0,0x3
0.9768,1843,2570,43.06,1358,0.9946,14967,0,0x3
0.9773,1844,2570,43.06,1358,0.9946,14967,0,0x3
0.9778,1845,2570,43.06,1358,0.9946,14967,0,0x3
0.9784,1846,2570,43.06,1358,0.9946,14967,0,0x3
0.9789,1847,2570,43.06,1358,0.9946,14967,0,0x3
0.9794,1848,2570,43.06,1358,0.9946,14968,0,0x3
0.98,1849,2570,43.06,1358,0.9946,14968,0,0x3
0.9805,1850,2570,43.06,1358,0.9946,14967,0,0x3
0.981,1851,2570,43.06,1358,0.9946,14967,0,0x3
0.9816,1852,2570,43.06,1358,0.9946,14967,0,0x3
0.9821,1853,2570,43.06,1358,0.9946,14967,0,0x3
0.9826,1854,2570,43.06,1358,0.9946,14967,0,0x3
0.9831,1855,2570,43.06,1358,0.9946,14967,0,0x3
0.9837,1856,2570,43.06,1358,0.9946,14967,0,0x3
0.9842,1857,2570,43.06,1358,0.9946,14967,0,0x3
0.9847,1858,2570,43.06,1358,0.9946,14967,0,0x3
0.9853,1859,2570,43.06,1358,0.9946,14967,0,0x3
0.9858,1860,2570,43.06,1358,0.9946,14968,0,0x3
0.9863,1861,2570,43.06,1358,0.9946,14967,0,0x3
0.9869,1862,2570,43.06,1358,0.9946,14967,0,0x3
0.9874,1863,2570,43.06,1358,0.9946,14967,0,0x3
0.9879,1864,2570,43.06,1358,0.9946,14967,0,0x3
0.9884,1865,2570,43.06,1358,0.9946,14968,0,0x3
0.989,1866,2570,43.06,1358,0.9946,14968,0,0x3
0.9895,1867,2570,43.06,1358,0.9946,14968,0,0x3
0.99,1868,2570,43.06,1358,0.9946,14968,0,0x3
0.9906,1869,2570,43.06,1358,0.9946,14968,0,0x3
0.9911,1870,2570,43.06,1358,0.9946,14968,0,0x3
0.9916,1871,2570,43.06,1358,0.9946,14968,0,0x3
0.9922,1872,2570,43.06,1358,0.9946,14968,0,0x3
0.9927,1873,2570,43.06,1358,0.9946,14968,0,0x3
0.9932,1874,2570,43.06,1358,0.9946,14968,0,0x3
0.9937,1875,2570,43.06,1358,0.9946,14968,0,0x3
0.9943,1876,2570,43.06,1358,0.9946,14968,0,0x3
0.9948,1877,2570,43.06,1358,0.9946,14969,0,0x3
0.9953,1878,2570,43.06,1358,0.9946,14969,0,0x3
0.9959,1879,2570,43.06,1358,0.9946,14968,0,0x3
0.9964,1880,2570,43.06,1362,0.9976,14968,0,0x3
0.9969,1881,2570,43.06,1362,0.9976,14968,0,0x3
0.9975,1882,2570,43.06,1362,0.9976,14968,0,0x3
0.998,1883,2570,43.06,1362,0.9976,14968,0,0x3
0.9985,1884,2570,43.06,1362,0.9976,14968,0,0x3
0.999,1885,2570,43.06,1362,0.9976,14969,0,0x3
0.9996,1886,2570,43.06,1362,0.9976,14968,0,0x3
1.0001,1887,2570,43.06,1362,0.9976,14968,0,0x3
1.0006,1888,2570,43.06,1362,0.9976,14969,0,0x3
1.0012,1889,2570,43.06,1362,0.9976,14968,0,0x3
1.0017,1890,2570,43.06,1362,0.9976,14968,0,0x3
1.0022,1891,2570,43.06,1362,0.9976,14968,0,0x3
1.0028,1892,2570,43.06,1362,0.9976,14969,0,0x3
1.0033,1893,2570,43.06,1362,0.9976,14968,0,0x3
1.0038,1894,2570,43.06,1362,0.9976,14968,0,0x3
1.0043,1895,2570,43.06,1362,0.9976,14968,0,0x3
1.0049,1896,2570,43.06,1362,0.9976,14968,0,0x3
1.0054,1897,2570,43.06,1362,0.9976,14968,0,0x3
1.0059,1898,2570,43.06,1362,0.9976,14968,0,0x3
1.0065,1899,2570,43.06,1362,0.9976,14968,0,0x3
1.007,1900,2570,43.06,1362,0.9976,14968,0,0x3
1.0075,1901,2570,43.06,1362,0.9976,14968,0,0x3
1.0081,1902,2570,43.06,1362,0.9976,14968,0,0x3
1.0086,1903,2570,43.06,1362,0.9976,14968,0,0x3
1.0091,1904,2570,43.06,1362,0.9976,14968,0,0x3
1.0096,1905,2570,43.06,1362,0.9976,14968,0,0x3
1.0102,1906,2570,43.06,1362,0.9976,14968,0,0x3
1.0107,1907,2570,43.06,1362,0.9976,14968,0,0x3
1.0112,1908,2570,43.06,1362,0.9976,14968,0,0x3
1.0118,1909,2570,43.06,1362,0.9976,14968,0,0x3
1.0123,1910,2570,43.06,1362,0.9976,14968,0,0x3
1.0128,1911,2570,43.06,1362,0.9976,14968,0,0x3
1.0134,1912,2570,43.06,1362,0.9976,14969,0,0x3
1.0139,1913,2570,43.06,1362,0.9976,14969,0,0x3
1.0144,1914,2570,43.06,1362,0.9976,14968,0,0x3
1.015,1915,2570,43.06,1362,0.9976,14969,0,0x3
1.0155,1916,2570,43.06,1362,0.9976,14969,0,0x3
1.016,1917,2570,43.06,1362,0.9976,14969,0,0x3
1.0165,1918,2570,43.06,1362,0.9976,14969,0,0x3
1.0171,1919,2570,43.06,1362,0.9976,14969,0,0x3
1.0176,1920,2570,43.06,1358,0.9946,14969,0,0x3
1.0181,1921,2570,43.06,1358,0.9946,14969,0,0x3
1.0187,1922,2570,43.06,1358,0.9946,14969,0,0x3
1.0192,1923,2570,43.06,1358,0.9946,14969,0,0x3
1.0197,1924,2570,43.06,1358,0.9946,14969,0,0x3
1.0202,1925,2570,43.06,1358,0.9946,14969,0,0x3
1.0208,1926,2570,43.06,1358,0.9946,14969,0,0x3
1.0213,1927,2570,43.06,1358,0.9946,14969,0,0x3
1.0218,1928,2570,43.06,1358,0.9946,14969,0,0x3
1.0224,1929,2570,43.06,1358,0.9946,14969,0,0x3
1.0229,1930,2570,43.06,1358,0.9946,14968,0,0x3
1.0234,1931,2570,43.06,1358,0.9946,14969,0,0x3
1.024,1932,2570,43.06,1358,0.9946,14969,0,0x3
1.0245,1933,2570,43.06,1358,0.9946,14968,0,0x3
1.025,1934,2570,43.06,1358,0.9946,14968,0,0x3
1.0255,1935,2570,43.06,1358,0.9946,14969,0,0x3
1.0261,1936,2570,43.06,1358,0.9946,14969,0,0x3
1.0266,1937,2570,43.06,1358,0.9946,14969,0,0x3
1.0271,1938,2570,43.06,1358,0.9946,14969,0,0x3
1.0277,1939,2570,43.06,1358,0.9946,14969,0,0x3
1.0282,1940,2570,43.06,1358,0.9946,14969,0,0x3
1.0287,1941,2570,43.06,1358,0.9946,14969,0,0x3
1.0293,1942,2570,43.06,1358,0.9946,14969,0,0x3
1.0298,1943,2570,43.06,1358,0.9946,14969,0,0x3
1.0303,1944,2570,43.06,1358,0.9946,14969,0,0x3
1.0309,1945,2570,43.06,1358,0.9946,14968,0,0x3
1.0314,1946,2570,43.06,1358,0.9946,14969,0,0x3
1.0319,1947,2570,43.06,1358,0.9946,14969,0,0x3
1.0324,1948,2570,43.06,1358,0.9946,14969,0,0x3
1.033,1949,2570,43.06,1358,0.9946,14969,0,0x3
1.0335,1950,2570,43.06,1358,0.9946,14969,0,0x3
1.034,1951,2570,43.06,1358,0.9946,14969,0,0x3
1.0346,1952,2570,43.06,1358,0.9946,14969,0,0x3
1.0351,1953,2570,43.06,1358,0.9946,14969,0,0x3
1.0356,1954,2570,43.06,1358,0.9946,14969,0,0x3
1.0361,1955,2570,43.06,1358,0.9946,14969,0,0x3
1.0367,1956,2570,43.06,1358,0.9946,14969,0,0x3
1.0372,1957,2570,43.06,1358,0.9946,14969,0,0x3
1.0377,1958,2570,43.06,1358,0.9946,14969,0,0x3
1.0383,1959,2570,43.06,1358,0.9946,14969,0,0x3
1.0388,1960,2570,43.06,1362,0.9976,14969,0,0x3
1.0393,1961,2570,43.06,1362,0.9976,14969,0,0x3
1.0399,1962,2570,43.06,1362,0.9976,14969,0,0x3
1.0404,1963,2570,43.06,1362,0.9976,14969,0,0x3
1.0409,1964,2570,43.06,1362,0.9976,14969,0,0x3
1.0414,1965,2570,43.06,1362,0.9976,14969,0,0x3
1.042,1966,2570,43.06,1362,0.9976,14969,0,0x3
1.0425,1967,2570,43.06,1362,0.9976,14969,0,0x3
1.043,1968,2570,43.06,1362,0.9976,14969,0,0x3
1.0436,1969,2570,43.06,1362,0.9976,14969,0,0x3
1.0441,1970,2570,43.06,1362,0.9976,14969,0,0x3
1.0446,1971,2570,43.06,1362,0.9976,14969,0,0x3
1.0452,1972,2570,43.06,1362,0.9976,14970,0,0x3
1.0457,1973,2570,43.06,1362,0.9976,14970,0,0x3
1.0462,1974,2570,43.06,1362,0.9976,14970,0,0x3
1.0468,1975,2570,43.06,1362,0.9976,14970,0,0x3
1.0473,1976,2570,43.06,1362,0.9976,14970,0,0x3
1.0478,1977,2570,43.06,1362,0.9976,14970,0,0x3
1.0483,1978,2570,43.06,1362,0.9976,14970,0,0x3
1.0489,1979,2570,43.06,1362,0.9976,14970,0,0x3
1.0494,1980,2570,43.06,1362,0.9976,14970,0,0x3
1.0499,1981,2570,43.06,1362,0.9976,14970,0,0x3
1.0505,1982,2570,43.06,1362,0.9976,14970,0,0x3
1.051,1983,2570,43.06,1362,0.9976,14970,0,0x3
1.0515,1984,2570,43.06,1362,0.9976,14970,0,0x3
1.052,1985,2570,43.06,1362,0.9976,14970,0,0x3
1.0526,1986,2570,43.06,1362,0.9976,14971,0,0x3
1.0531,1987,2570,43.06,1362,0.9976,14970,0,0x3
1.0536,1988,2570,43.06,1362,0.9976,14970,0,0x3
1.0542,1989,2570,43.06,1362,0.9976,14971,0,0x3
1.0547,1990,2570,43.06,1362,0.9976,14971,0,0x3
1.0552,1991,2570,43.06,1362,0.9976,14971,0,0x3
1.0558,1992,2570,43.06,1362,0.9976,14971,0,0x3
1.0563,1993,2570,43.06,1362,0.9976,14971,0,0x3
1.0568,1994,2570,43.06,1362,0.9976,14971,0,0x3
1.0574,1995,2570,43.06,1362,0.9976,14970,0,0x3
1.0579,1996,2570,43.06,1362,0.9976,14970,0,0x3
1.0584,1997,2570,43.06,1362,0.9976,14970,0,0x3
1.0589,1998,2570,43.06,1362,0.9976,14970,0,0x3
1.0595,1999,2570,43.06,1362,0.9976,14970,0,0x3
